Country / Territory,ISO3,Year,Region,CPI score,Rank,Standard error,Number of sources,Lower CI,Upper CI
Afghanistan,AFG,2012,AP,8,174,3.30,3,2,13
Afghanistan,AFG,2013,AP,8,175,3.30,3,3,13
Afghanistan,AFG,2014,AP,12,172,1.29,4,10,14
Afghanistan,AFG,2015,AP,11,166,3.49,4,5,17
Afghanistan,AFG,2016,AP,15,169,1.74,5,12,17
Afghanistan,AFG,2017,AP,15,177,1.39,5,13,17
Afghanistan,AFG,2018,AP,16,172,1.41,5,14,18
Afghanistan,AFG,2019,AP,16,173,2.55,5,12,20
Afghanistan,AFG,2020,AP,19,165,2.44,5,15,23
Afghanistan,AFG,2021,AP,16,174,2.12,5,13,19
Afghanistan,AFG,2022,AP,24,150,6.30,4,14,34
Afghanistan,AFG,2023,AP,20,162,6.24,5,10,30
Afghanistan,AFG,2024,AP,17,165,5.76,5,8,26
Albania,ALB,2012,ECA,33,113,2.00,7,30,36
Albania,ALB,2013,ECA,31,116,2.10,7,28,34
Albania,ALB,2014,ECA,33,110,1.51,7,31,35
Albania,ALB,2015,ECA,36,88,3.58,7,30,42
Albania,ALB,2016,ECA,39,83,1.99,7,36,42
Albania,ALB,2017,ECA,38,91,1.81,8,35,41
Albania,ALB,2018,ECA,36,99,1.65,8,33,39
Albania,ALB,2019,ECA,35,106,2.51,8,31,39
Albania,ALB,2020,ECA,36,104,0.92,8,34,38
Albania,ALB,2021,ECA,35,110,1.33,8,33,37
Albania,ALB,2022,ECA,36,101,1.32,8,34,38
Albania,ALB,2023,ECA,37,98,1.56,7,34,40
Albania,ALB,2024,ECA,42,80,3.03,8,37,47
Algeria,DZA,2012,MENA,34,105,3.30,6,29,40
Algeria,DZA,2013,MENA,36,94,2.80,6,31,41
Algeria,DZA,2014,MENA,36,100,2.06,5,33,39
Algeria,DZA,2015,MENA,36,88,1.85,5,33,39
Algeria,DZA,2016,MENA,34,108,2.94,6,29,39
Algeria,DZA,2017,MENA,33,112,2.32,6,29,37
Algeria,DZA,2018,MENA,35,105,1.21,6,33,37
Algeria,DZA,2019,MENA,35,106,2.59,7,31,39
Algeria,DZA,2020,MENA,36,104,1.48,7,34,38
Algeria,DZA,2021,MENA,33,117,1.08,7,31,35
Algeria,DZA,2022,MENA,33,116,1.67,6,30,36
Algeria,DZA,2023,MENA,36,104,2.33,7,32,40
Algeria,DZA,2024,MENA,34,107,2.64,8,30,38
Angola,AGO,2012,SSA,22,157,1.80,7,20,25
Angola,AGO,2013,SSA,23,153,2.80,7,18,28
Angola,AGO,2014,SSA,19,161,1.71,6,16,22
Angola,AGO,2015,SSA,15,163,1.80,5,12,18
Angola,AGO,2016,SSA,18,164,1.68,4,15,21
Angola,AGO,2017,SSA,19,167,1.28,5,17,21
Angola,AGO,2018,SSA,19,165,1.31,6,17,21
Angola,AGO,2019,SSA,26,146,1.82,7,23,29
Angola,AGO,2020,SSA,27,142,2.01,7,24,30
Angola,AGO,2021,SSA,29,136,1.53,7,26,32
Angola,AGO,2022,SSA,33,116,2.81,7,28,38
Angola,AGO,2023,SSA,33,121,2.81,7,28,38
Angola,AGO,2024,SSA,32,121,2.80,8,27,37
Argentina,ARG,2012,AME,35,102,2.60,8,31,39
Argentina,ARG,2013,AME,34,106,2.40,8,30,38
Argentina,ARG,2014,AME,34,107,2.42,7,30,38
Argentina,ARG,2015,AME,32,106,1.84,7,29,35
Argentina,ARG,2016,AME,36,95,1.76,8,33,39
Argentina,ARG,2017,AME,39,85,2.92,8,34,44
Argentina,ARG,2018,AME,40,85,2.70,8,36,44
Argentina,ARG,2019,AME,45,66,3.29,8,40,50
Argentina,ARG,2020,AME,42,78,2.32,8,38,46
Argentina,ARG,2021,AME,38,96,2.10,8,35,41
Argentina,ARG,2022,AME,38,94,2.33,7,34,42
Argentina,ARG,2023,AME,37,98,2.05,8,34,40
Argentina,ARG,2024,AME,37,99,3.01,8,32,42
Armenia,ARM,2012,ECA,34,105,2.70,6,29,38
Armenia,ARM,2013,ECA,36,94,3.50,6,30,42
Armenia,ARM,2014,ECA,37,94,3.69,6,31,43
Armenia,ARM,2015,ECA,35,95,2.98,5,30,40
Armenia,ARM,2016,ECA,33,113,4.01,6,26,40
Armenia,ARM,2017,ECA,35,107,3.79,6,29,41
Armenia,ARM,2018,ECA,35,105,4.00,6,28,42
Armenia,ARM,2019,ECA,42,77,4.31,6,35,49
Armenia,ARM,2020,ECA,49,60,3.50,6,43,55
Armenia,ARM,2021,ECA,49,58,3.76,6,43,55
Armenia,ARM,2022,ECA,46,63,2.47,6,42,50
Armenia,ARM,2023,ECA,47,62,2.54,6,43,51
Armenia,ARM,2024,ECA,47,63,2.50,6,43,51
Australia,AUS,2012,AP,85,7,1.10,8,83,86
Australia,AUS,2013,AP,81,9,1.50,8,79,83
Australia,AUS,2014,AP,80,11,1.31,8,78,82
Australia,AUS,2015,AP,79,13,1.50,8,77,81
Australia,AUS,2016,AP,79,13,1.27,8,77,81
Australia,AUS,2017,AP,77,13,1.40,9,75,79
Australia,AUS,2018,AP,77,13,1.27,9,75,79
Australia,AUS,2019,AP,77,12,1.32,9,75,79
Australia,AUS,2020,AP,77,11,1.05,9,75,79
Australia,AUS,2021,AP,73,18,1.63,9,70,76
Australia,AUS,2022,AP,75,13,0.78,9,74,76
Australia,AUS,2023,AP,75,14,1.52,9,73,77
Australia,AUS,2024,AP,77,10,1.67,9,74,80
Austria,AUT,2012,WE/EU,69,25,2.40,8,65,73
Austria,AUT,2013,WE/EU,69,26,3.20,8,64,74
Austria,AUT,2014,WE/EU,72,23,3.49,7,66,78
Austria,AUT,2015,WE/EU,76,16,1.76,7,73,79
Austria,AUT,2016,WE/EU,75,17,1.36,7,73,77
Austria,AUT,2017,WE/EU,75,16,1.17,8,73,77
Austria,AUT,2018,WE/EU,76,14,1.37,8,74,78
Austria,AUT,2019,WE/EU,77,12,1.57,8,74,80
Austria,AUT,2020,WE/EU,76,15,0.67,8,75,77
Austria,AUT,2021,WE/EU,74,13,0.83,8,73,75
Austria,AUT,2022,WE/EU,71,22,1.53,8,68,74
Austria,AUT,2023,WE/EU,71,20,1.37,8,69,73
Austria,AUT,2024,WE/EU,67,25,1.92,8,64,70
Azerbaijan,AZE,2012,ECA,27,139,2.50,6,23,31
Azerbaijan,AZE,2013,ECA,28,127,3.50,6,22,34
Azerbaijan,AZE,2014,ECA,29,126,3.02,6,24,34
Azerbaijan,AZE,2015,ECA,29,119,3.25,6,24,34
Azerbaijan,AZE,2016,ECA,30,123,5.13,7,22,39
Azerbaijan,AZE,2017,ECA,31,122,5.64,7,22,40
Azerbaijan,AZE,2018,ECA,25,152,4.09,6,18,32
Azerbaijan,AZE,2019,ECA,30,126,7.16,7,18,42
Azerbaijan,AZE,2020,ECA,30,129,5.00,7,22,38
Azerbaijan,AZE,2021,ECA,30,128,5.52,7,21,39
Azerbaijan,AZE,2022,ECA,23,157,2.40,6,19,27
Azerbaijan,AZE,2023,ECA,23,154,2.46,6,19,27
Azerbaijan,AZE,2024,ECA,22,154,2.38,6,18,26
Bahamas,BHS,2012,AME,71,22,1.00,3,70,73
Bahamas,BHS,2013,AME,71,22,1.00,3,69,73
Bahamas,BHS,2014,AME,71,24,0.99,3,69,73
Bahamas,BHS,2016,AME,66,24,5.20,3,57,74
Bahamas,BHS,2017,AME,65,28,5.39,3,56,74
Bahamas,BHS,2018,AME,65,29,5.39,3,56,74
Bahamas,BHS,2019,AME,64,29,5.83,3,54,74
Bahamas,BHS,2020,AME,63,30,5.80,3,53,73
Bahamas,BHS,2021,AME,64,30,5.63,3,55,73
Bahamas,BHS,2022,AME,64,30,5.32,3,55,73
Bahamas,BHS,2023,AME,64,30,5.47,3,55,73
Bahamas,BHS,2024,AME,65,28,6.24,3,55,75
Bahrain,BHR,2012,MENA,51,53,4.10,5,44,58
Bahrain,BHR,2013,MENA,48,57,5.40,5,39,57
Bahrain,BHR,2014,MENA,49,55,6.11,5,39,59
Bahrain,BHR,2015,MENA,51,50,7.86,5,38,64
Bahrain,BHR,2016,MENA,43,70,5.96,5,33,53
Bahrain,BHR,2017,MENA,36,103,1.81,4,33,39
Bahrain,BHR,2018,MENA,36,99,1.81,4,33,39
Bahrain,BHR,2019,MENA,42,77,7.65,6,29,55
Bahrain,BHR,2020,MENA,42,78,5.91,6,32,52
Bahrain,BHR,2021,MENA,42,78,5.20,6,33,51
Bahrain,BHR,2022,MENA,44,69,6.19,6,34,54
Bahrain,BHR,2023,MENA,42,76,5.33,6,33,51
Bahrain,BHR,2024,MENA,53,53,6.44,7,42,64
Bangladesh,BGD,2012,AP,26,144,4.10,7,20,33
Bangladesh,BGD,2013,AP,27,136,4.10,7,20,34
Bangladesh,BGD,2014,AP,25,145,4.23,7,18,32
Bangladesh,BGD,2015,AP,25,139,4.30,7,18,32
Bangladesh,BGD,2016,AP,26,145,4.13,7,19,33
Bangladesh,BGD,2017,AP,28,143,3.19,8,23,33
Bangladesh,BGD,2018,AP,26,149,2.63,8,22,30
Bangladesh,BGD,2019,AP,26,146,2.62,8,22,30
Bangladesh,BGD,2020,AP,26,146,1.72,8,23,29
Bangladesh,BGD,2021,AP,26,147,1.74,8,23,29
Bangladesh,BGD,2022,AP,25,147,1.93,8,22,28
Bangladesh,BGD,2023,AP,24,149,1.51,8,22,26
Bangladesh,BGD,2024,AP,23,151,1.46,8,21,25
Barbados,BRB,2012,AME,76,15,6.70,3,65,87
Barbados,BRB,2013,AME,75,15,7.10,3,63,87
Barbados,BRB,2014,AME,74,17,8.09,3,61,87
Barbados,BRB,2016,AME,61,31,6.91,3,50,73
Barbados,BRB,2017,AME,68,25,3.24,3,63,73
Barbados,BRB,2018,AME,68,25,3.12,3,63,73
Barbados,BRB,2019,AME,62,30,6.06,4,52,72
Barbados,BRB,2020,AME,64,29,5.47,4,55,73
Barbados,BRB,2021,AME,65,29,3.07,4,60,70
Barbados,BRB,2022,AME,65,29,3.28,4,60,70
Barbados,BRB,2023,AME,69,24,3.37,3,63,75
Barbados,BRB,2024,AME,68,23,3.12,3,63,73
Belarus,BLR,2012,ECA,31,123,3.60,5,25,37
Belarus,BLR,2013,ECA,29,123,4.00,5,22,36
Belarus,BLR,2014,ECA,31,119,4.04,5,24,38
Belarus,BLR,2015,ECA,32,106,4.37,6,25,39
Belarus,BLR,2016,ECA,40,79,3.93,7,33,46
Belarus,BLR,2017,ECA,44,68,4.12,7,37,51
Belarus,BLR,2018,ECA,44,70,3.92,7,38,50
Belarus,BLR,2019,ECA,45,66,4.20,7,38,52
Belarus,BLR,2020,ECA,47,63,3.38,7,41,53
Belarus,BLR,2021,ECA,41,82,2.35,8,37,45
Belarus,BLR,2022,ECA,39,91,3.14,7,34,44
Belarus,BLR,2023,ECA,37,98,3.34,7,32,42
Belarus,BLR,2024,ECA,33,114,3.18,7,28,38
Belgium,BEL,2012,WE/EU,75,16,2.40,7,71,78
Belgium,BEL,2013,WE/EU,75,15,2.30,7,71,79
Belgium,BEL,2014,WE/EU,76,15,2.26,7,72,80
Belgium,BEL,2015,WE/EU,77,15,1.34,7,75,79
Belgium,BEL,2016,WE/EU,77,15,1.55,7,74,79
Belgium,BEL,2017,WE/EU,75,16,1.63,8,72,78
Belgium,BEL,2018,WE/EU,75,17,1.09,8,73,77
Belgium,BEL,2019,WE/EU,75,17,1.09,7,73,77
Belgium,BEL,2020,WE/EU,76,15,1.05,7,74,78
Belgium,BEL,2021,WE/EU,73,18,1.44,8,71,75
Belgium,BEL,2022,WE/EU,73,18,1.52,8,71,75
Belgium,BEL,2023,WE/EU,73,16,2.13,8,70,76
Belgium,BEL,2024,WE/EU,69,22,1.66,8,66,72
Benin,BEN,2012,SSA,36,94,4.30,6,29,44
Benin,BEN,2013,SSA,36,94,3.40,6,30,42
Benin,BEN,2014,SSA,39,80,4.38,4,32,46
Benin,BEN,2015,SSA,37,83,4.43,5,30,44
Benin,BEN,2016,SSA,36,95,3.80,6,29,42
Benin,BEN,2017,SSA,39,85,4.17,6,32,46
Benin,BEN,2018,SSA,40,85,3.14,6,35,45
Benin,BEN,2019,SSA,41,80,2.64,7,37,45
Benin,BEN,2020,SSA,41,83,1.80,7,38,44
Benin,BEN,2021,SSA,42,78,2.35,7,38,46
Benin,BEN,2022,SSA,43,72,2.42,7,39,47
Benin,BEN,2023,SSA,43,70,3.13,6,38,48
Benin,BEN,2024,SSA,45,69,3.40,6,39,51
Bhutan,BTN,2012,AP,63,33,3.60,3,57,69
Bhutan,BTN,2013,AP,63,31,2.60,4,59,67
Bhutan,BTN,2014,AP,65,30,1.81,4,62,68
Bhutan,BTN,2015,AP,65,27,2.14,4,61,69
Bhutan,BTN,2016,AP,65,27,2.12,5,62,69
Bhutan,BTN,2017,AP,67,26,1.83,5,64,70
Bhutan,BTN,2018,AP,68,25,2.86,4,63,73
Bhutan,BTN,2019,AP,68,25,2.76,4,63,73
Bhutan,BTN,2020,AP,68,24,2.39,4,64,72
Bhutan,BTN,2021,AP,68,25,2.24,4,64,72
Bhutan,BTN,2022,AP,68,25,2.18,4,64,72
Bhutan,BTN,2023,AP,68,26,2.18,4,64,72
Bhutan,BTN,2024,AP,72,18,1.64,4,69,75
Bolivia,BOL,2012,AME,34,105,3.70,7,28,40
Bolivia,BOL,2013,AME,34,106,3.70,7,28,40
Bolivia,BOL,2014,AME,35,103,2.98,7,30,40
Bolivia,BOL,2015,AME,34,98,3.58,7,28,40
Bolivia,BOL,2016,AME,33,113,2.85,8,28,37
Bolivia,BOL,2017,AME,33,112,2.98,6,28,38
Bolivia,BOL,2018,AME,29,132,3.60,7,23,35
Bolivia,BOL,2019,AME,31,123,3.00,7,26,36
Bolivia,BOL,2020,AME,31,124,2.05,7,28,34
Bolivia,BOL,2021,AME,30,128,1.68,7,27,33
Bolivia,BOL,2022,AME,31,126,2.41,6,27,35
Bolivia,BOL,2023,AME,29,133,2.31,7,25,33
Bolivia,BOL,2024,AME,28,133,3.10,7,23,33
Bosnia and Herzegovina,BIH,2012,ECA,42,72,2.30,7,38,46
Bosnia and Herzegovina,BIH,2013,ECA,42,72,2.90,7,37,47
Bosnia and Herzegovina,BIH,2014,ECA,39,80,1.15,6,37,41
Bosnia and Herzegovina,BIH,2015,ECA,38,76,1.71,6,35,41
Bosnia and Herzegovina,BIH,2016,ECA,39,83,1.70,7,37,42
Bosnia and Herzegovina,BIH,2017,ECA,38,91,2.56,7,34,42
Bosnia and Herzegovina,BIH,2018,ECA,38,89,1.86,7,35,41
Bosnia and Herzegovina,BIH,2019,ECA,36,101,1.95,7,33,39
Bosnia and Herzegovina,BIH,2020,ECA,35,111,1.87,7,32,38
Bosnia and Herzegovina,BIH,2021,ECA,35,110,1.80,7,32,38
Bosnia and Herzegovina,BIH,2022,ECA,34,110,2.18,7,30,38
Bosnia and Herzegovina,BIH,2023,ECA,35,108,1.95,6,32,38
Bosnia and Herzegovina,BIH,2024,ECA,33,114,2.04,7,30,36
Botswana,BWA,2012,SSA,65,30,1.90,7,62,68
Botswana,BWA,2013,SSA,64,30,1.60,7,61,67
Botswana,BWA,2014,SSA,63,31,1.93,6,60,66
Botswana,BWA,2015,SSA,63,29,2.35,6,59,67
Botswana,BWA,2016,SSA,60,35,3.10,6,55,66
Botswana,BWA,2017,SSA,61,34,2.74,7,57,65
Botswana,BWA,2018,SSA,61,34,2.76,7,56,66
Botswana,BWA,2019,SSA,61,34,3.73,7,55,67
Botswana,BWA,2020,SSA,60,35,2.88,7,55,65
Botswana,BWA,2021,SSA,55,45,3.19,8,50,60
Botswana,BWA,2022,SSA,60,35,2.63,8,56,64
Botswana,BWA,2023,SSA,59,39,3.04,7,54,64
Botswana,BWA,2024,SSA,57,43,2.41,9,53,61
Brazil,BRA,2012,AME,43,69,3.30,8,38,49
Brazil,BRA,2013,AME,42,72,3.70,8,36,48
Brazil,BRA,2014,AME,43,69,4.01,7,36,50
Brazil,BRA,2015,AME,38,76,5.29,7,29,47
Brazil,BRA,2016,AME,40,79,4.34,8,33,47
Brazil,BRA,2017,AME,37,96,4.24,8,30,44
Brazil,BRA,2018,AME,35,105,4.05,8,28,42
Brazil,BRA,2019,AME,35,106,4.06,8,28,42
Brazil,BRA,2020,AME,38,94,2.50,8,34,42
Brazil,BRA,2021,AME,38,96,1.61,8,35,41
Brazil,BRA,2022,AME,38,94,1.58,8,35,41
Brazil,BRA,2023,AME,36,104,1.47,8,34,38
Brazil,BRA,2024,AME,34,107,2.41,8,30,38
Brunei Darussalam,BRN,2012,AP,55,46,9.10,3,40,70
Brunei Darussalam,BRN,2013,AP,60,38,10.40,3,43,77
Brunei Darussalam,BRN,2016,AP,58,41,8.85,3,43,72
Brunei Darussalam,BRN,2017,AP,62,32,8.72,3,48,76
Brunei Darussalam,BRN,2018,AP,63,31,6.62,3,52,74
Brunei Darussalam,BRN,2019,AP,60,35,6.12,3,50,70
Brunei Darussalam,BRN,2020,AP,60,35,5.59,3,51,69
Bulgaria,BGR,2012,WE/EU,41,75,3.80,8,35,47
Bulgaria,BGR,2013,WE/EU,41,77,3.30,9,36,46
Bulgaria,BGR,2014,WE/EU,43,69,2.82,9,38,48
Bulgaria,BGR,2015,WE/EU,41,69,2.43,9,37,45
Bulgaria,BGR,2016,WE/EU,41,75,2.20,9,38,45
Bulgaria,BGR,2017,WE/EU,43,71,2.66,10,39,47
Bulgaria,BGR,2018,WE/EU,42,77,2.41,10,38,46
Bulgaria,BGR,2019,WE/EU,43,74,2.77,10,38,48
Bulgaria,BGR,2020,WE/EU,44,69,1.29,10,42,46
Bulgaria,BGR,2021,WE/EU,42,78,1.18,10,40,44
Bulgaria,BGR,2022,WE/EU,43,72,1.06,10,41,45
Bulgaria,BGR,2023,WE/EU,45,67,1.16,10,43,47
Bulgaria,BGR,2024,WE/EU,43,76,1.92,9,40,46
Burkina Faso,BFA,2012,SSA,38,83,4.40,7,31,45
Burkina Faso,BFA,2013,SSA,38,83,3.90,7,32,44
Burkina Faso,BFA,2014,SSA,38,85,2.67,7,34,42
Burkina Faso,BFA,2015,SSA,38,76,2.97,7,33,43
Burkina Faso,BFA,2016,SSA,42,72,2.47,7,38,46
Burkina Faso,BFA,2017,SSA,42,74,2.18,7,38,46
Burkina Faso,BFA,2018,SSA,41,78,1.81,8,38,44
Burkina Faso,BFA,2019,SSA,40,85,2.54,8,36,44
Burkina Faso,BFA,2020,SSA,40,86,1.62,8,37,43
Burkina Faso,BFA,2021,SSA,42,78,1.37,7,40,44
Burkina Faso,BFA,2022,SSA,42,77,1.37,7,40,44
Burkina Faso,BFA,2023,SSA,41,83,1.78,7,38,44
Burkina Faso,BFA,2024,SSA,41,82,2.30,7,37,45
Burundi,BDI,2012,SSA,19,165,2.80,5,14,23
Burundi,BDI,2013,SSA,21,157,2.60,5,17,25
Burundi,BDI,2014,SSA,20,159,3.65,5,14,26
Burundi,BDI,2015,SSA,21,150,2.94,5,16,26
Burundi,BDI,2016,SSA,20,159,1.53,6,18,23
Burundi,BDI,2017,SSA,22,157,3.29,6,17,27
Burundi,BDI,2018,SSA,17,170,2.65,5,13,21
Burundi,BDI,2019,SSA,19,165,4.89,6,11,27
Burundi,BDI,2020,SSA,19,165,3.74,6,13,25
Burundi,BDI,2021,SSA,19,169,3.27,6,14,24
Burundi,BDI,2022,SSA,17,171,2.33,5,13,21
Burundi,BDI,2023,SSA,20,162,1.80,5,17,23
Burundi,BDI,2024,SSA,17,165,3.37,5,11,23
Cabo Verde,CPV,2012,SSA,60,39,3.80,4,54,67
Cabo Verde,CPV,2013,SSA,58,41,4.80,4,50,66
Cabo Verde,CPV,2014,SSA,57,43,5.94,4,47,67
Cabo Verde,CPV,2015,SSA,55,40,6.16,4,45,65
Cabo Verde,CPV,2016,SSA,59,38,5.72,3,50,68
Cabo Verde,CPV,2017,SSA,55,48,4.19,4,48,62
Cabo Verde,CPV,2018,SSA,57,45,4.22,4,50,64
Cabo Verde,CPV,2019,SSA,58,41,4.30,4,51,65
Cabo Verde,CPV,2020,SSA,58,41,3.72,4,52,64
Cabo Verde,CPV,2021,SSA,58,39,2.97,4,53,63
Cabo Verde,CPV,2022,SSA,60,35,4.81,4,52,68
Cabo Verde,CPV,2023,SSA,64,30,3.05,3,59,69
Cabo Verde,CPV,2024,SSA,62,35,3.86,5,56,68
Cambodia,KHM,2012,AP,22,157,3.10,7,17,27
Cambodia,KHM,2013,AP,20,160,3.00,7,15,25
Cambodia,KHM,2014,AP,21,156,2.25,7,17,25
Cambodia,KHM,2015,AP,21,150,3.87,7,15,27
Cambodia,KHM,2016,AP,21,156,2.82,8,16,26
Cambodia,KHM,2017,AP,21,161,2.43,8,17,25
Cambodia,KHM,2018,AP,20,161,2.58,8,16,24
Cambodia,KHM,2019,AP,20,162,3.41,8,14,26
Cambodia,KHM,2020,AP,21,160,2.32,8,17,25
Cambodia,KHM,2021,AP,23,157,2.84,8,18,28
Cambodia,KHM,2022,AP,24,150,2.78,8,19,29
Cambodia,KHM,2023,AP,22,158,2.90,7,17,27
Cambodia,KHM,2024,AP,21,158,2.86,7,16,26
Cameroon,CMR,2012,SSA,26,144,3.50,8,20,32
Cameroon,CMR,2013,SSA,25,144,2.90,8,20,30
Cameroon,CMR,2014,SSA,27,136,2.87,8,22,32
Cameroon,CMR,2015,SSA,27,130,3.26,8,22,32
Cameroon,CMR,2016,SSA,26,145,3.04,9,21,31
Cameroon,CMR,2017,SSA,25,153,2.58,9,21,29
Cameroon,CMR,2018,SSA,25,152,2.43,9,21,29
Cameroon,CMR,2019,SSA,25,153,2.42,9,21,29
Cameroon,CMR,2020,SSA,25,149,1.36,9,23,27
Cameroon,CMR,2021,SSA,27,144,1.37,9,25,29
Cameroon,CMR,2022,SSA,26,142,1.37,9,24,28
Cameroon,CMR,2023,SSA,27,140,1.65,9,24,30
Cameroon,CMR,2024,SSA,26,140,1.76,9,23,29
Canada,CAN,2012,AME,84,9,2.20,7,80,87
Canada,CAN,2013,AME,81,9,2.40,7,77,85
Canada,CAN,2014,AME,81,10,2.45,7,77,85
Canada,CAN,2015,AME,83,10,1.63,7,80,86
Canada,CAN,2016,AME,82,9,2.03,7,79,85
Canada,CAN,2017,AME,82,8,1.49,8,80,84
Canada,CAN,2018,AME,81,9,2.16,8,77,85
Canada,CAN,2019,AME,77,12,2.80,8,72,82
Canada,CAN,2020,AME,77,11,1.77,8,74,80
Canada,CAN,2021,AME,74,13,2.30,8,70,78
Canada,CAN,2022,AME,74,14,2.12,8,71,77
Canada,CAN,2023,AME,76,12,1.73,8,73,79
Canada,CAN,2024,AME,75,15,1.95,8,72,78
Central African Republic,CAF,2012,SSA,26,144,2.40,4,22,30
Central African Republic,CAF,2013,SSA,25,144,5.40,4,16,34
Central African Republic,CAF,2014,SSA,24,150,1.33,4,22,26
Central African Republic,CAF,2015,SSA,24,145,1.44,4,22,26
Central African Republic,CAF,2016,SSA,20,159,4.04,4,13,27
Central African Republic,CAF,2017,SSA,23,156,3.28,5,18,28
Central African Republic,CAF,2018,SSA,26,149,1.14,5,24,28
Central African Republic,CAF,2019,SSA,25,153,1.43,5,23,27
Central African Republic,CAF,2020,SSA,26,146,0.93,5,24,28
Central African Republic,CAF,2021,SSA,24,154,0.99,5,22,26
Central African Republic,CAF,2022,SSA,24,150,0.81,5,23,25
Central African Republic,CAF,2023,SSA,24,149,0.99,5,22,26
Central African Republic,CAF,2024,SSA,24,149,1.57,5,21,27
Chad,TCD,2012,SSA,19,165,2.50,5,15,23
Chad,TCD,2013,SSA,19,163,3.80,5,13,25
Chad,TCD,2014,SSA,22,154,2.95,5,17,27
Chad,TCD,2015,SSA,22,147,2.35,5,18,26
Chad,TCD,2016,SSA,20,159,2.67,5,16,24
Chad,TCD,2017,SSA,20,165,2.73,6,16,24
Chad,TCD,2018,SSA,19,165,2.94,6,14,24
Chad,TCD,2019,SSA,20,162,2.45,6,16,24
Chad,TCD,2020,SSA,21,160,1.71,6,18,24
Chad,TCD,2021,SSA,20,164,1.89,6,17,23
Chad,TCD,2022,SSA,19,167,1.51,6,17,21
Chad,TCD,2023,SSA,20,162,2.16,6,16,24
Chad,TCD,2024,SSA,21,158,3.01,6,16,26
Chile,CHL,2012,AME,72,20,2.10,9,69,76
Chile,CHL,2013,AME,71,22,1.80,9,68,74
Chile,CHL,2014,AME,73,21,1.74,8,70,76
Chile,CHL,2015,AME,70,23,2.15,8,66,74
Chile,CHL,2016,AME,66,24,2.65,8,61,70
Chile,CHL,2017,AME,67,26,2.03,9,64,70
Chile,CHL,2018,AME,67,27,1.88,9,64,70
Chile,CHL,2019,AME,67,26,2.55,9,63,71
Chile,CHL,2020,AME,67,25,1.23,9,65,69
Chile,CHL,2021,AME,67,27,1.33,9,65,69
Chile,CHL,2022,AME,67,27,1.34,9,65,69
Chile,CHL,2023,AME,66,29,1.54,9,63,69
Chile,CHL,2024,AME,63,32,2.30,8,59,67
China,CHN,2012,AP,39,80,2.90,9,34,43
China,CHN,2013,AP,40,80,2.90,9,35,45
China,CHN,2014,AP,36,100,2.17,8,32,40
China,CHN,2015,AP,37,83,2.34,8,33,41
China,CHN,2016,AP,40,79,2.39,8,37,44
China,CHN,2017,AP,41,77,1.96,9,38,44
China,CHN,2018,AP,39,87,2.02,8,36,42
China,CHN,2019,AP,41,80,2.10,8,38,44
China,CHN,2020,AP,42,78,1.63,8,39,45
China,CHN,2021,AP,45,66,1.77,9,42,48
China,CHN,2022,AP,45,65,1.81,9,42,48
China,CHN,2023,AP,42,76,1.64,8,39,45
China,CHN,2024,AP,43,76,1.64,8,40,46
Colombia,COL,2012,AME,36,94,2.60,7,32,40
Colombia,COL,2013,AME,36,94,2.00,7,33,39
Colombia,COL,2014,AME,37,94,1.68,7,34,40
Colombia,COL,2015,AME,37,83,1.94,7,34,40
Colombia,COL,2016,AME,37,90,2.27,8,34,41
Colombia,COL,2017,AME,37,96,2.77,8,32,42
Colombia,COL,2018,AME,36,99,2.51,8,32,40
Colombia,COL,2019,AME,37,96,2.49,8,33,41
Colombia,COL,2020,AME,39,92,1.59,8,36,42
Colombia,COL,2021,AME,39,87,1.45,8,37,41
Colombia,COL,2022,AME,39,91,1.38,8,37,41
Colombia,COL,2023,AME,40,87,1.42,8,38,42
Colombia,COL,2024,AME,39,92,2.59,8,35,43
Comoros,COM,2012,SSA,28,133,7.50,3,15,40
Comoros,COM,2013,SSA,28,127,7.50,3,16,40
Comoros,COM,2014,SSA,26,142,8.75,3,12,40
Comoros,COM,2015,SSA,26,136,8.76,3,12,40
Comoros,COM,2016,SSA,24,153,12.81,3,3,45
Comoros,COM,2017,SSA,27,148,8.87,4,12,42
Comoros,COM,2018,SSA,27,144,9.00,4,12,42
Comoros,COM,2019,SSA,25,153,8.90,4,10,40
Comoros,COM,2020,SSA,21,160,5.75,4,12,30
Comoros,COM,2021,SSA,20,164,5.83,4,10,30
Comoros,COM,2022,SSA,19,167,5.48,4,10,28
Comoros,COM,2023,SSA,20,162,5.51,4,11,29
Comoros,COM,2024,SSA,21,158,8.21,4,8,34
Congo,COG,2012,SSA,26,144,3.30,6,20,31
Congo,COG,2013,SSA,22,154,3.80,6,16,28
Congo,COG,2014,SSA,23,152,4.20,6,16,30
Congo,COG,2015,SSA,23,146,4.11,6,16,30
Congo,COG,2016,SSA,20,159,1.78,5,17,23
Congo,COG,2017,SSA,21,161,1.08,6,19,23
Congo,COG,2018,SSA,19,165,1.04,6,17,21
Congo,COG,2019,SSA,19,165,1.03,6,17,21
Congo,COG,2020,SSA,19,165,0.80,6,18,20
Congo,COG,2021,SSA,21,162,1.46,7,19,23
Congo,COG,2022,SSA,21,164,1.26,7,19,23
Congo,COG,2023,SSA,22,158,1.47,7,20,24
Congo,COG,2024,SSA,23,151,1.70,8,20,26
Costa Rica,CRI,2012,AME,54,48,7.00,5,43,66
Costa Rica,CRI,2013,AME,53,49,4.10,5,46,60
Costa Rica,CRI,2014,AME,54,48,4.07,5,47,61
Costa Rica,CRI,2015,AME,55,40,2.71,6,51,59
Costa Rica,CRI,2016,AME,58,41,3.17,7,53,63
Costa Rica,CRI,2017,AME,59,38,2.98,7,54,64
Costa Rica,CRI,2018,AME,56,48,3.65,7,50,62
Costa Rica,CRI,2019,AME,56,44,3.97,7,49,63
Costa Rica,CRI,2020,AME,57,42,2.58,7,53,61
Costa Rica,CRI,2021,AME,58,39,2.42,7,54,62
Costa Rica,CRI,2022,AME,54,48,3.16,7,49,59
Costa Rica,CRI,2023,AME,55,45,2.90,7,50,60
Costa Rica,CRI,2024,AME,58,42,3.08,7,53,63
Côte d'Ivoire,CIV,2012,SSA,29,130,2.40,8,25,33
Côte d'Ivoire,CIV,2013,SSA,27,136,2.30,8,23,31
Côte d'Ivoire,CIV,2014,SSA,32,115,4.20,8,25,39
Côte d'Ivoire,CIV,2015,SSA,32,106,2.65,8,28,36
Côte d'Ivoire,CIV,2016,SSA,34,108,2.03,8,31,38
Côte d'Ivoire,CIV,2017,SSA,36,103,2.03,8,33,39
Côte d'Ivoire,CIV,2018,SSA,35,105,2.05,9,32,38
Côte d'Ivoire,CIV,2019,SSA,35,106,2.49,9,31,39
Côte d'Ivoire,CIV,2020,SSA,36,104,1.46,9,34,38
Côte d'Ivoire,CIV,2021,SSA,36,105,1.40,9,34,38
Côte d'Ivoire,CIV,2022,SSA,37,99,1.97,9,34,40
Côte d'Ivoire,CIV,2023,SSA,40,87,1.89,9,37,43
Côte d'Ivoire,CIV,2024,SSA,45,69,2.48,9,41,49
Croatia,HRV,2012,WE/EU,46,62,3.10,8,41,51
Croatia,HRV,2013,WE/EU,48,57,3.30,9,43,53
Croatia,HRV,2014,WE/EU,48,61,3.25,9,43,53
Croatia,HRV,2015,WE/EU,51,50,2.02,9,48,54
Croatia,HRV,2016,WE/EU,49,55,2.39,9,45,53
Croatia,HRV,2017,WE/EU,49,57,2.64,10,45,53
Croatia,HRV,2018,WE/EU,48,60,2.77,10,43,53
Croatia,HRV,2019,WE/EU,47,63,2.42,10,43,51
Croatia,HRV,2020,WE/EU,47,63,1.48,10,45,49
Croatia,HRV,2021,WE/EU,47,63,1.56,10,44,50
Croatia,HRV,2022,WE/EU,50,57,0.93,9,48,52
Croatia,HRV,2023,WE/EU,50,57,1.25,9,48,52
Croatia,HRV,2024,WE/EU,47,63,1.87,9,44,50
Cuba,CUB,2012,AME,48,58,4.10,4,41,55
Cuba,CUB,2013,AME,46,63,4.50,4,39,53
Cuba,CUB,2014,AME,46,63,4.46,4,39,53
Cuba,CUB,2015,AME,47,56,3.64,4,41,53
Cuba,CUB,2016,AME,47,60,2.90,5,42,52
Cuba,CUB,2017,AME,47,62,2.36,5,43,51
Cuba,CUB,2018,AME,47,61,2.56,5,43,51
Cuba,CUB,2019,AME,48,60,1.87,5,45,51
Cuba,CUB,2020,AME,47,63,2.81,5,42,52
Cuba,CUB,2021,AME,46,64,3.07,5,41,51
Cuba,CUB,2022,AME,45,65,2.87,5,40,50
Cuba,CUB,2023,AME,42,76,3.46,5,36,48
Cuba,CUB,2024,AME,41,82,3.09,5,36,46
Cyprus,CYP,2012,WE/EU,66,29,2.40,4,63,70
Cyprus,CYP,2013,WE/EU,63,31,3.90,5,57,69
Cyprus,CYP,2014,WE/EU,63,31,3.92,5,57,69
Cyprus,CYP,2015,WE/EU,61,32,4.17,5,54,68
Cyprus,CYP,2016,WE/EU,55,47,5.94,5,46,65
Cyprus,CYP,2017,WE/EU,57,42,3.78,7,51,63
Cyprus,CYP,2018,WE/EU,59,38,3.54,7,53,65
Cyprus,CYP,2019,WE/EU,58,41,3.41,7,52,64
Cyprus,CYP,2020,WE/EU,57,42,3.19,7,52,62
Cyprus,CYP,2021,WE/EU,53,52,2.59,8,49,57
Cyprus,CYP,2022,WE/EU,52,51,2.46,8,48,56
Cyprus,CYP,2023,WE/EU,53,49,2.21,8,49,57
Cyprus,CYP,2024,WE/EU,56,46,2.48,7,52,60
Czechia,CZE,2012,WE/EU,49,54,2.90,10,44,53
Czechia,CZE,2013,WE/EU,48,57,3.00,10,43,53
Czechia,CZE,2014,WE/EU,51,53,2.94,9,46,56
Czechia,CZE,2015,WE/EU,56,38,2.21,9,52,60
Czechia,CZE,2016,WE/EU,55,47,2.24,9,51,59
Czechia,CZE,2017,WE/EU,57,42,1.98,10,54,60
Czechia,CZE,2018,WE/EU,59,38,2.28,10,55,63
Czechia,CZE,2019,WE/EU,56,44,1.87,10,53,59
Czechia,CZE,2020,WE/EU,54,49,1.10,10,52,56
Czechia,CZE,2021,WE/EU,54,49,1.28,10,52,56
Czechia,CZE,2022,WE/EU,56,41,1.08,10,54,58
Czechia,CZE,2023,WE/EU,57,41,1.26,10,55,59
Czechia,CZE,2024,WE/EU,56,46,1.39,10,54,58
Democratic Republic of the Congo,COD,2012,SSA,21,160,3.30,5,16,27
Democratic Republic of the Congo,COD,2013,SSA,22,154,4.20,5,15,29
Democratic Republic of the Congo,COD,2014,SSA,22,154,4.19,5,15,29
Democratic Republic of the Congo,COD,2015,SSA,22,147,3.35,6,17,27
Democratic Republic of the Congo,COD,2016,SSA,21,156,2.13,7,18,25
Democratic Republic of the Congo,COD,2017,SSA,21,161,1.96,8,18,24
Democratic Republic of the Congo,COD,2018,SSA,20,161,2.13,8,17,23
Democratic Republic of the Congo,COD,2019,SSA,18,168,1.43,9,16,20
Democratic Republic of the Congo,COD,2020,SSA,18,170,0.75,9,17,19
Democratic Republic of the Congo,COD,2021,SSA,19,169,1.00,9,17,21
Democratic Republic of the Congo,COD,2022,SSA,20,166,0.99,9,18,22
Democratic Republic of the Congo,COD,2023,SSA,20,162,1.08,9,18,22
Democratic Republic of the Congo,COD,2024,SSA,20,163,1.63,8,17,23
Denmark,DNK,2012,WE/EU,90,1,2.00,7,87,93
Denmark,DNK,2013,WE/EU,91,1,2.20,7,87,95
Denmark,DNK,2014,WE/EU,92,1,2.04,7,89,95
Denmark,DNK,2015,WE/EU,91,1,2.16,7,87,95
Denmark,DNK,2016,WE/EU,90,1,2.46,7,86,94
Denmark,DNK,2017,WE/EU,88,2,2.75,8,83,93
Denmark,DNK,2018,WE/EU,88,1,2.63,8,84,92
Denmark,DNK,2019,WE/EU,87,1,2.54,8,83,91
Denmark,DNK,2020,WE/EU,88,1,1.78,8,85,91
Denmark,DNK,2021,WE/EU,88,1,1.85,8,85,91
Denmark,DNK,2022,WE/EU,90,1,1.71,8,87,93
Denmark,DNK,2023,WE/EU,90,1,1.82,8,87,93
Denmark,DNK,2024,WE/EU,90,1,1.98,8,87,93
Djibouti,DJI,2012,SSA,36,94,8.60,3,22,50
Djibouti,DJI,2013,SSA,36,94,8.60,3,22,50
Djibouti,DJI,2014,SSA,34,107,9.10,3,19,49
Djibouti,DJI,2015,SSA,34,98,9.07,3,19,49
Djibouti,DJI,2016,SSA,30,123,8.23,3,17,44
Djibouti,DJI,2017,SSA,31,122,5.32,4,22,40
Djibouti,DJI,2018,SSA,31,124,5.38,4,22,40
Djibouti,DJI,2019,SSA,30,126,4.28,5,23,37
Djibouti,DJI,2020,SSA,27,142,1.53,5,24,30
Djibouti,DJI,2021,SSA,30,128,1.68,5,27,33
Djibouti,DJI,2022,SSA,30,130,1.74,5,27,33
Djibouti,DJI,2023,SSA,30,130,1.71,5,27,33
Djibouti,DJI,2024,SSA,31,127,1.98,5,28,34
Dominica,DMA,2012,AME,58,41,2.30,3,55,62
Dominica,DMA,2013,AME,58,41,2.30,3,54,62
Dominica,DMA,2014,AME,58,40,2.34,3,54,62
Dominica,DMA,2016,AME,59,38,0.85,3,58,60
Dominica,DMA,2017,AME,57,42,2.55,3,53,61
Dominica,DMA,2018,AME,57,45,2.55,3,53,61
Dominica,DMA,2019,AME,55,48,2.16,3,51,59
Dominica,DMA,2020,AME,55,48,1.98,3,52,58
Dominica,DMA,2021,AME,55,45,1.98,3,52,58
Dominica,DMA,2022,AME,55,45,1.90,3,52,58
Dominica,DMA,2023,AME,56,42,1.91,3,53,59
Dominica,DMA,2024,AME,60,36,1.74,3,57,63
Dominican Republic,DOM,2012,AME,32,118,2.70,6,28,37
Dominican Republic,DOM,2013,AME,29,123,3.50,6,23,35
Dominican Republic,DOM,2014,AME,32,115,3.30,6,27,37
Dominican Republic,DOM,2015,AME,33,102,2.63,6,29,37
Dominican Republic,DOM,2016,AME,31,120,1.89,6,28,34
Dominican Republic,DOM,2017,AME,29,135,2.56,7,25,33
Dominican Republic,DOM,2018,AME,30,129,2.57,7,26,34
Dominican Republic,DOM,2019,AME,28,137,2.70,7,24,32
Dominican Republic,DOM,2020,AME,28,137,1.91,7,25,31
Dominican Republic,DOM,2021,AME,30,128,1.16,7,28,32
Dominican Republic,DOM,2022,AME,32,123,1.31,7,30,34
Dominican Republic,DOM,2023,AME,35,108,1.62,7,32,38
Dominican Republic,DOM,2024,AME,36,104,2.33,7,32,40
Ecuador,ECU,2012,AME,32,118,2.90,6,28,37
Ecuador,ECU,2013,AME,35,102,3.60,6,29,41
Ecuador,ECU,2014,AME,33,110,3.56,5,27,39
Ecuador,ECU,2015,AME,32,106,2.86,6,27,37
Ecuador,ECU,2016,AME,31,120,1.96,6,28,35
Ecuador,ECU,2017,AME,32,117,2.66,7,28,36
Ecuador,ECU,2018,AME,34,114,3.46,7,28,40
Ecuador,ECU,2019,AME,38,93,2.19,7,34,42
Ecuador,ECU,2020,AME,39,92,1.73,7,36,42
Ecuador,ECU,2021,AME,36,105,1.58,7,33,39
Ecuador,ECU,2022,AME,36,101,1.07,7,34,38
Ecuador,ECU,2023,AME,34,115,1.48,7,32,36
Ecuador,ECU,2024,AME,32,121,2.34,7,28,36
Egypt,EGY,2012,MENA,32,118,3.10,7,27,37
Egypt,EGY,2013,MENA,32,114,3.10,7,27,37
Egypt,EGY,2014,MENA,37,94,2.91,6,32,42
Egypt,EGY,2015,MENA,36,88,2.47,6,32,40
Egypt,EGY,2016,MENA,34,108,2.72,6,29,38
Egypt,EGY,2017,MENA,32,117,4.04,7,25,39
Egypt,EGY,2018,MENA,35,105,4.59,7,27,43
Egypt,EGY,2019,MENA,35,106,4.86,7,27,43
Egypt,EGY,2020,MENA,33,117,3.68,7,27,39
Egypt,EGY,2021,MENA,33,117,4.09,7,26,40
Egypt,EGY,2022,MENA,30,130,1.78,6,27,33
Egypt,EGY,2023,MENA,35,108,3.75,7,29,41
Egypt,EGY,2024,MENA,30,130,3.62,8,24,36
El Salvador,SLV,2012,AME,38,83,2.80,6,33,43
El Salvador,SLV,2013,AME,38,83,2.00,6,35,41
El Salvador,SLV,2014,AME,39,80,1.98,6,36,42
El Salvador,SLV,2015,AME,39,72,2.26,6,35,43
El Salvador,SLV,2016,AME,36,95,2.76,7,31,40
El Salvador,SLV,2017,AME,33,112,3.25,7,28,38
El Salvador,SLV,2018,AME,35,105,2.59,7,31,39
El Salvador,SLV,2019,AME,34,113,2.56,7,30,38
El Salvador,SLV,2020,AME,36,104,1.38,7,34,38
El Salvador,SLV,2021,AME,34,115,1.59,7,31,37
El Salvador,SLV,2022,AME,33,116,1.91,7,30,36
El Salvador,SLV,2023,AME,31,126,1.26,7,29,33
El Salvador,SLV,2024,AME,30,130,1.01,7,28,32
Equatorial Guinea,GNQ,2012,SSA,20,163,1.30,3,18,22
Equatorial Guinea,GNQ,2013,SSA,19,163,2.20,3,15,23
Equatorial Guinea,GNQ,2017,SSA,17,171,3.56,3,11,23
Equatorial Guinea,GNQ,2018,SSA,16,172,2.82,3,11,21
Equatorial Guinea,GNQ,2019,SSA,16,173,3.00,4,11,21
Equatorial Guinea,GNQ,2020,SSA,16,174,2.60,4,12,20
Equatorial Guinea,GNQ,2021,SSA,17,172,2.55,4,13,21
Equatorial Guinea,GNQ,2022,SSA,17,171,2.55,4,13,21
Equatorial Guinea,GNQ,2023,SSA,17,172,2.57,4,13,21
Equatorial Guinea,GNQ,2024,SSA,13,173,2.54,5,9,17
Eritrea,ERI,2012,SSA,25,150,9.20,4,10,40
Eritrea,ERI,2013,SSA,20,160,11.00,4,2,38
Eritrea,ERI,2014,SSA,18,166,7.91,4,5,31
Eritrea,ERI,2015,SSA,18,154,8.15,4,5,31
Eritrea,ERI,2016,SSA,18,164,6.24,5,8,28
Eritrea,ERI,2017,SSA,20,165,5.74,5,11,29
Eritrea,ERI,2018,SSA,24,157,8.24,5,10,38
Eritrea,ERI,2019,SSA,23,160,6.66,5,12,34
Eritrea,ERI,2020,SSA,21,160,4.58,5,13,29
Eritrea,ERI,2021,SSA,22,161,4.99,5,14,30
Eritrea,ERI,2022,SSA,22,162,4.78,5,14,30
Eritrea,ERI,2023,SSA,21,161,4.73,5,13,29
Eritrea,ERI,2024,SSA,13,173,5.51,5,4,22
Estonia,EST,2012,WE/EU,64,32,3.00,8,59,69
Estonia,EST,2013,WE/EU,68,28,2.70,9,64,72
Estonia,EST,2014,WE/EU,69,27,2.89,9,64,74
Estonia,EST,2015,WE/EU,70,23,2.79,9,65,75
Estonia,EST,2016,WE/EU,70,22,2.16,10,66,73
Estonia,EST,2017,WE/EU,71,21,2.21,10,67,75
Estonia,EST,2018,WE/EU,73,18,1.44,10,71,75
Estonia,EST,2019,WE/EU,74,18,1.21,10,72,76
Estonia,EST,2020,WE/EU,75,17,0.87,10,74,76
Estonia,EST,2021,WE/EU,74,13,0.92,10,72,76
Estonia,EST,2022,WE/EU,74,14,1.01,10,72,76
Estonia,EST,2023,WE/EU,76,12,1.06,10,74,78
Estonia,EST,2024,WE/EU,76,13,1.09,10,74,78
Eswatini,SWZ,2012,SSA,37,88,2.10,4,33,40
Eswatini,SWZ,2013,SSA,39,82,1.80,4,36,42
Eswatini,SWZ,2014,SSA,43,69,2.98,3,38,48
Eswatini,SWZ,2017,SSA,39,85,5.81,3,29,49
Eswatini,SWZ,2018,SSA,38,89,4.48,3,31,45
Eswatini,SWZ,2019,SSA,34,113,6.08,4,24,44
Eswatini,SWZ,2020,SSA,33,117,4.93,4,25,41
Eswatini,SWZ,2021,SSA,32,122,7.12,3,20,44
Eswatini,SWZ,2022,SSA,30,130,5.90,3,20,40
Eswatini,SWZ,2023,SSA,30,130,5.90,3,20,40
Eswatini,SWZ,2024,SSA,27,135,3.50,4,21,33
Ethiopia,ETH,2012,SSA,33,113,1.60,8,30,36
Ethiopia,ETH,2013,SSA,33,111,2.50,8,29,37
Ethiopia,ETH,2014,SSA,33,110,2.54,8,29,37
Ethiopia,ETH,2015,SSA,33,102,2.73,8,29,37
Ethiopia,ETH,2016,SSA,34,108,1.37,9,31,36
Ethiopia,ETH,2017,SSA,35,107,1.36,9,33,37
Ethiopia,ETH,2018,SSA,34,114,1.52,8,32,36
Ethiopia,ETH,2019,SSA,37,96,1.52,9,35,39
Ethiopia,ETH,2020,SSA,38,94,1.00,9,36,40
Ethiopia,ETH,2021,SSA,39,87,1.21,8,37,41
Ethiopia,ETH,2022,SSA,38,94,1.31,8,36,40
Ethiopia,ETH,2023,SSA,37,98,1.20,8,35,39
Ethiopia,ETH,2024,SSA,37,99,1.38,8,35,39
Fiji,FJI,2021,AP,55,45,5.16,3,47,63
Fiji,FJI,2022,AP,53,49,4.32,3,46,60
Fiji,FJI,2023,AP,52,53,4.15,3,45,59
Fiji,FJI,2024,AP,55,50,2.03,3,52,58
Finland,FIN,2012,WE/EU,90,1,3.00,7,85,95
Finland,FIN,2013,WE/EU,89,3,1.70,7,86,92
Finland,FIN,2014,WE/EU,89,3,2.05,7,86,92
Finland,FIN,2015,WE/EU,90,3,1.77,7,87,93
Finland,FIN,2016,WE/EU,89,3,1.46,7,87,92
Finland,FIN,2017,WE/EU,85,3,2.84,8,80,90
Finland,FIN,2018,WE/EU,85,3,2.74,8,81,89
Finland,FIN,2019,WE/EU,86,3,2.92,8,81,91
Finland,FIN,2020,WE/EU,85,3,1.75,8,82,88
Finland,FIN,2021,WE/EU,88,1,1.25,8,86,90
Finland,FIN,2022,WE/EU,87,2,1.19,8,85,89
Finland,FIN,2023,WE/EU,87,2,1.06,8,85,89
Finland,FIN,2024,WE/EU,88,2,1.83,8,85,91
France,FRA,2012,WE/EU,71,22,2.40,8,67,75
France,FRA,2013,WE/EU,71,22,2.40,8,67,75
France,FRA,2014,WE/EU,69,27,2.17,7,65,73
France,FRA,2015,WE/EU,70,23,2.49,7,66,74
France,FRA,2016,WE/EU,69,23,2.97,7,64,74
France,FRA,2017,WE/EU,70,23,1.36,8,68,72
France,FRA,2018,WE/EU,72,21,1.17,8,70,74
France,FRA,2019,WE/EU,69,23,2.28,8,65,73
France,FRA,2020,WE/EU,69,23,1.40,8,67,71
France,FRA,2021,WE/EU,71,22,1.30,8,69,73
France,FRA,2022,WE/EU,72,21,0.64,8,71,73
France,FRA,2023,WE/EU,71,20,0.43,8,70,72
France,FRA,2024,WE/EU,67,25,1.61,8,64,70
Gabon,GAB,2012,SSA,35,102,2.10,5,32,38
Gabon,GAB,2013,SSA,34,106,1.50,5,32,36
Gabon,GAB,2014,SSA,37,94,4.19,4,30,44
Gabon,GAB,2015,SSA,34,98,1.65,4,31,37
Gabon,GAB,2016,SSA,35,101,0.97,4,33,36
Gabon,GAB,2017,SSA,32,117,3.22,4,27,37
Gabon,GAB,2018,SSA,31,124,3.92,4,25,37
Gabon,GAB,2019,SSA,31,123,2.41,6,27,35
Gabon,GAB,2020,SSA,30,129,2.35,6,26,34
Gabon,GAB,2021,SSA,31,124,2.40,5,27,35
Gabon,GAB,2022,SSA,29,136,2.07,6,26,32
Gabon,GAB,2023,SSA,28,136,2.32,6,24,32
Gabon,GAB,2024,SSA,27,135,1.38,8,25,29
Gambia,GMB,2012,SSA,34,105,7.00,5,22,45
Gambia,GMB,2013,SSA,28,127,6.70,5,17,39
Gambia,GMB,2014,SSA,29,126,7.55,5,17,41
Gambia,GMB,2015,SSA,28,123,6.67,5,17,39
Gambia,GMB,2016,SSA,26,145,7.20,5,14,38
Gambia,GMB,2017,SSA,30,130,6.22,6,20,40
Gambia,GMB,2018,SSA,37,93,9.44,6,22,52
Gambia,GMB,2019,SSA,37,96,5.98,7,27,47
Gambia,GMB,2020,SSA,37,102,3.19,8,32,42
Gambia,GMB,2021,SSA,37,102,3.38,8,31,43
Gambia,GMB,2022,SSA,34,110,3.76,7,28,40
Gambia,GMB,2023,SSA,37,98,3.34,7,32,42
Gambia,GMB,2024,SSA,38,96,3.19,7,33,43
Georgia,GEO,2012,ECA,52,51,6.00,6,42,62
Georgia,GEO,2013,ECA,49,55,6.90,6,38,60
Georgia,GEO,2014,ECA,52,51,6.47,6,41,63
Georgia,GEO,2015,ECA,52,48,6.53,5,41,63
Georgia,GEO,2016,ECA,57,44,3.61,6,51,63
Georgia,GEO,2017,ECA,56,46,3.10,6,51,61
Georgia,GEO,2018,ECA,58,41,3.92,6,52,64
Georgia,GEO,2019,ECA,56,44,3.84,5,50,62
Georgia,GEO,2020,ECA,56,45,3.15,5,51,61
Georgia,GEO,2021,ECA,55,45,2.84,6,50,60
Georgia,GEO,2022,ECA,56,41,3.03,6,51,61
Georgia,GEO,2023,ECA,53,49,3.99,6,46,60
Georgia,GEO,2024,ECA,53,53,4.06,6,46,60
Germany,DEU,2012,WE/EU,79,13,2.30,8,75,83
Germany,DEU,2013,WE/EU,78,12,2.40,8,74,82
Germany,DEU,2014,WE/EU,79,12,2.58,7,75,83
Germany,DEU,2015,WE/EU,81,11,2.50,7,77,85
Germany,DEU,2016,WE/EU,81,10,2.73,7,77,86
Germany,DEU,2017,WE/EU,81,12,1.87,8,78,84
Germany,DEU,2018,WE/EU,80,11,2.49,8,76,84
Germany,DEU,2019,WE/EU,80,9,3.31,8,75,85
Germany,DEU,2020,WE/EU,80,9,2.00,8,77,83
Germany,DEU,2021,WE/EU,80,10,1.76,8,77,83
Germany,DEU,2022,WE/EU,79,9,2.17,8,75,83
Germany,DEU,2023,WE/EU,78,9,2.14,8,74,82
Germany,DEU,2024,WE/EU,75,15,1.36,8,73,77
Ghana,GHA,2012,SSA,45,64,3.80,9,39,51
Ghana,GHA,2013,SSA,46,63,3.30,9,41,51
Ghana,GHA,2014,SSA,48,61,3.01,8,43,53
Ghana,GHA,2015,SSA,47,56,2.82,8,42,52
Ghana,GHA,2016,SSA,43,70,2.89,9,39,48
Ghana,GHA,2017,SSA,40,81,2.56,9,36,44
Ghana,GHA,2018,SSA,41,78,2.54,9,37,45
Ghana,GHA,2019,SSA,41,80,2.76,9,36,46
Ghana,GHA,2020,SSA,43,75,1.52,9,41,45
Ghana,GHA,2021,SSA,43,73,1.53,9,40,46
Ghana,GHA,2022,SSA,43,72,1.43,9,41,45
Ghana,GHA,2023,SSA,43,70,1.47,9,41,45
Ghana,GHA,2024,SSA,42,80,1.69,10,39,45
Greece,GRC,2012,WE/EU,36,94,3.60,7,30,42
Greece,GRC,2013,WE/EU,40,80,4.50,7,33,47
Greece,GRC,2014,WE/EU,43,69,5.56,7,34,52
Greece,GRC,2015,WE/EU,46,58,5.08,7,38,54
Greece,GRC,2016,WE/EU,44,69,2.50,7,40,48
Greece,GRC,2017,WE/EU,48,59,2.98,8,43,53
Greece,GRC,2018,WE/EU,45,67,2.51,8,41,49
Greece,GRC,2019,WE/EU,48,60,2.57,8,44,52
Greece,GRC,2020,WE/EU,50,59,1.81,8,47,53
Greece,GRC,2021,WE/EU,49,58,1.63,8,46,52
Greece,GRC,2022,WE/EU,52,51,2.14,8,48,56
Greece,GRC,2023,WE/EU,49,59,2.21,8,45,53
Greece,GRC,2024,WE/EU,49,59,1.94,8,46,52
Grenada,GRD,2016,AME,56,46,4.63,3,48,63
Grenada,GRD,2017,AME,52,52,3.00,3,47,57
Grenada,GRD,2018,AME,52,53,3.00,3,47,57
Grenada,GRD,2019,AME,53,51,4.37,3,46,60
Grenada,GRD,2020,AME,53,52,3.48,3,47,59
Grenada,GRD,2021,AME,53,52,3.99,3,46,60
Grenada,GRD,2022,AME,52,51,3.23,3,47,57
Grenada,GRD,2023,AME,53,49,3.74,3,47,59
Grenada,GRD,2024,AME,56,46,4.95,3,48,64
Guatemala,GTM,2012,AME,33,113,2.70,6,28,37
Guatemala,GTM,2013,AME,29,123,2.60,6,25,33
Guatemala,GTM,2014,AME,32,115,2.96,6,27,37
Guatemala,GTM,2015,AME,28,123,3.46,6,22,34
Guatemala,GTM,2016,AME,28,136,2.58,6,24,32
Guatemala,GTM,2017,AME,28,143,2.19,7,24,32
Guatemala,GTM,2018,AME,27,144,2.56,7,23,31
Guatemala,GTM,2019,AME,26,146,2.23,7,22,30
Guatemala,GTM,2020,AME,25,149,1.38,7,23,27
Guatemala,GTM,2021,AME,25,150,1.17,7,23,27
Guatemala,GTM,2022,AME,24,150,1.13,7,22,26
Guatemala,GTM,2023,AME,23,154,1.36,7,21,25
Guatemala,GTM,2024,AME,25,146,1.50,7,23,27
Guinea,GIN,2012,SSA,24,154,2.70,7,19,28
Guinea,GIN,2013,SSA,24,150,3.60,7,18,30
Guinea,GIN,2014,SSA,25,145,3.21,7,20,30
Guinea,GIN,2015,SSA,25,139,3.16,6,20,30
Guinea,GIN,2016,SSA,27,142,2.54,5,22,31
Guinea,GIN,2017,SSA,27,148,2.37,7,23,31
Guinea,GIN,2018,SSA,28,138,2.67,6,24,32
Guinea,GIN,2019,SSA,29,130,2.50,8,25,33
Guinea,GIN,2020,SSA,28,137,1.88,8,25,31
Guinea,GIN,2021,SSA,25,150,1.27,8,23,27
Guinea,GIN,2022,SSA,25,147,1.60,7,22,28
Guinea,GIN,2023,SSA,26,141,1.69,7,23,29
Guinea,GIN,2024,SSA,28,133,1.13,7,26,30
Guinea-Bissau,GNB,2012,SSA,25,150,2.10,4,22,29
Guinea-Bissau,GNB,2013,SSA,19,163,2.40,4,15,23
Guinea-Bissau,GNB,2014,SSA,19,161,2.37,4,15,23
Guinea-Bissau,GNB,2015,SSA,17,158,2.63,4,13,21
Guinea-Bissau,GNB,2016,SSA,16,168,2.09,4,13,20
Guinea-Bissau,GNB,2017,SSA,17,171,1.70,5,14,20
Guinea-Bissau,GNB,2018,SSA,16,172,1.97,5,13,19
Guinea-Bissau,GNB,2019,SSA,18,168,2.91,6,13,23
Guinea-Bissau,GNB,2020,SSA,19,165,2.71,6,15,23
Guinea-Bissau,GNB,2021,SSA,21,162,2.69,6,17,25
Guinea-Bissau,GNB,2022,SSA,21,164,2.67,6,17,25
Guinea-Bissau,GNB,2023,SSA,22,158,2.93,6,17,27
Guinea-Bissau,GNB,2024,SSA,21,158,4.30,6,14,28
Guyana,GUY,2012,AME,28,133,2.10,4,25,31
Guyana,GUY,2013,AME,27,136,2.90,4,22,32
Guyana,GUY,2014,AME,30,124,3.03,4,25,35
Guyana,GUY,2015,AME,29,119,3.01,4,24,34
Guyana,GUY,2016,AME,34,108,3.57,6,29,40
Guyana,GUY,2017,AME,38,91,1.84,5,35,41
Guyana,GUY,2018,AME,37,93,0.77,5,36,38
Guyana,GUY,2019,AME,40,85,3.34,5,35,45
Guyana,GUY,2020,AME,41,83,3.54,5,35,47
Guyana,GUY,2021,AME,39,87,2.13,5,35,43
Guyana,GUY,2022,AME,40,85,2.18,5,36,44
Guyana,GUY,2023,AME,40,87,2.31,5,36,44
Guyana,GUY,2024,AME,39,92,1.58,5,36,42
Haiti,HTI,2012,AME,19,165,2.80,5,14,23
Haiti,HTI,2013,AME,19,163,3.10,5,14,24
Haiti,HTI,2014,AME,19,161,2.86,5,14,24
Haiti,HTI,2015,AME,17,158,2.74,5,13,21
Haiti,HTI,2016,AME,20,159,1.81,5,17,23
Haiti,HTI,2017,AME,22,157,2.05,6,19,25
Haiti,HTI,2018,AME,20,161,2.47,6,16,24
Haiti,HTI,2019,AME,18,168,3.23,6,13,23
Haiti,HTI,2020,AME,18,170,2.47,6,14,22
Haiti,HTI,2021,AME,20,164,0.74,6,19,21
Haiti,HTI,2022,AME,17,171,1.34,6,15,19
Haiti,HTI,2023,AME,17,172,1.32,6,15,19
Haiti,HTI,2024,AME,16,168,2.13,6,12,20
Honduras,HND,2012,AME,28,133,2.40,6,24,32
Honduras,HND,2013,AME,26,140,2.50,6,22,30
Honduras,HND,2014,AME,29,126,3.49,6,23,35
Honduras,HND,2015,AME,31,111,4.12,7,24,38
Honduras,HND,2016,AME,30,123,3.05,7,25,35
Honduras,HND,2017,AME,29,135,2.32,8,25,33
Honduras,HND,2018,AME,29,132,2.42,8,25,33
Honduras,HND,2019,AME,26,146,3.25,7,21,31
Honduras,HND,2020,AME,24,157,1.52,7,22,26
Honduras,HND,2021,AME,23,157,0.85,8,22,24
Honduras,HND,2022,AME,23,157,0.50,8,22,24
Honduras,HND,2023,AME,23,154,0.53,8,22,24
Honduras,HND,2024,AME,22,154,1.02,8,20,24
Hong Kong,HKG,2012,AP,77,14,1.90,8,74,80
Hong Kong,HKG,2013,AP,75,15,2.40,8,71,79
Hong Kong,HKG,2014,AP,74,17,2.75,7,69,79
Hong Kong,HKG,2015,AP,75,18,2.48,7,71,79
Hong Kong,HKG,2016,AP,77,15,2.62,7,73,82
Hong Kong,HKG,2017,AP,77,13,2.37,7,73,81
Hong Kong,HKG,2018,AP,76,14,2.47,8,72,80
Hong Kong,HKG,2019,AP,76,16,3.15,8,71,81
Hong Kong,HKG,2020,AP,77,11,1.79,8,74,80
Hong Kong,HKG,2021,AP,76,12,1.85,8,73,79
Hong Kong,HKG,2022,AP,76,12,1.61,8,73,79
Hong Kong,HKG,2023,AP,75,14,2.18,8,71,79
Hong Kong,HKG,2024,AP,74,17,2.62,7,70,78
Hungary,HUN,2012,WE/EU,55,46,3.50,10,49,61
Hungary,HUN,2013,WE/EU,54,47,3.60,10,48,60
Hungary,HUN,2014,WE/EU,54,48,3.45,9,48,60
Hungary,HUN,2015,WE/EU,51,50,3.73,9,45,57
Hungary,HUN,2016,WE/EU,48,57,2.89,9,43,53
Hungary,HUN,2017,WE/EU,45,66,2.89,10,40,50
Hungary,HUN,2018,WE/EU,46,64,2.79,10,41,51
Hungary,HUN,2019,WE/EU,44,70,2.58,10,40,48
Hungary,HUN,2020,WE/EU,44,69,1.27,10,42,46
Hungary,HUN,2021,WE/EU,43,73,1.30,10,41,45
Hungary,HUN,2022,WE/EU,42,77,1.46,10,40,44
Hungary,HUN,2023,WE/EU,42,76,1.30,10,40,44
Hungary,HUN,2024,WE/EU,41,82,0.89,10,40,42
Iceland,ISL,2012,WE/EU,82,11,4.10,6,75,89
Iceland,ISL,2013,WE/EU,78,12,2.80,6,73,83
Iceland,ISL,2014,WE/EU,79,12,3.16,6,74,84
Iceland,ISL,2015,WE/EU,79,13,4.53,5,72,86
Iceland,ISL,2016,WE/EU,78,14,3.81,6,71,84
Iceland,ISL,2017,WE/EU,77,13,4.38,7,70,84
Iceland,ISL,2018,WE/EU,76,14,4.33,7,69,83
Iceland,ISL,2019,WE/EU,78,11,4.63,7,70,86
Iceland,ISL,2020,WE/EU,75,17,3.86,7,69,81
Iceland,ISL,2021,WE/EU,74,13,3.70,7,68,80
Iceland,ISL,2022,WE/EU,74,14,3.83,7,68,80
Iceland,ISL,2023,WE/EU,72,19,3.54,7,66,78
Iceland,ISL,2024,WE/EU,77,10,2.60,6,73,81
India,IND,2012,AP,36,94,2.10,10,33,40
India,IND,2013,AP,36,94,2.20,10,32,40
India,IND,2014,AP,38,85,2.27,9,34,42
India,IND,2015,AP,38,76,3.14,8,33,43
India,IND,2016,AP,40,79,2.47,8,36,44
India,IND,2017,AP,40,81,2.16,9,36,44
India,IND,2018,AP,41,78,2.42,9,37,45
India,IND,2019,AP,41,80,1.60,9,38,44
India,IND,2020,AP,40,86,1.14,9,38,42
India,IND,2021,AP,40,85,1.17,9,38,42
India,IND,2022,AP,40,85,1.18,9,38,42
India,IND,2023,AP,39,93,1.26,9,37,41
India,IND,2024,AP,38,96,1.32,9,36,40
Indonesia,IDN,2012,AP,32,118,2.90,9,27,37
Indonesia,IDN,2013,AP,32,114,3.50,9,26,38
Indonesia,IDN,2014,AP,34,107,3.57,8,28,40
Indonesia,IDN,2015,AP,36,88,3.39,8,30,42
Indonesia,IDN,2016,AP,37,90,2.39,8,33,41
Indonesia,IDN,2017,AP,37,96,3.12,9,32,42
Indonesia,IDN,2018,AP,38,89,3.35,9,33,43
Indonesia,IDN,2019,AP,40,85,3.76,9,34,46
Indonesia,IDN,2020,AP,37,102,1.71,9,34,40
Indonesia,IDN,2021,AP,38,96,2.14,9,34,42
Indonesia,IDN,2022,AP,34,110,1.78,8,31,37
Indonesia,IDN,2023,AP,34,115,1.80,8,31,37
Indonesia,IDN,2024,AP,37,99,2.16,9,33,41
Iran,IRN,2012,MENA,28,133,4.60,6,20,35
Iran,IRN,2013,MENA,25,144,3.90,6,19,31
Iran,IRN,2014,MENA,27,136,4.72,6,19,35
Iran,IRN,2015,MENA,27,130,3.28,6,22,32
Iran,IRN,2016,MENA,29,131,2.47,7,25,33
Iran,IRN,2017,MENA,30,130,3.51,7,24,36
Iran,IRN,2018,MENA,28,138,2.89,7,23,33
Iran,IRN,2019,MENA,26,146,3.63,7,20,32
Iran,IRN,2020,MENA,25,149,2.56,7,21,29
Iran,IRN,2021,MENA,25,150,2.29,7,21,29
Iran,IRN,2022,MENA,25,147,2.32,7,21,29
Iran,IRN,2023,MENA,24,149,2.63,6,20,28
Iran,IRN,2024,MENA,23,151,2.22,7,19,27
Iraq,IRQ,2012,MENA,18,169,2.30,4,14,22
Iraq,IRQ,2013,MENA,16,171,2.40,4,12,20
Iraq,IRQ,2014,MENA,16,170,2.37,4,12,20
Iraq,IRQ,2015,MENA,16,161,2.50,4,12,20
Iraq,IRQ,2016,MENA,17,166,1.87,5,14,20
Iraq,IRQ,2017,MENA,18,169,2.47,5,14,22
Iraq,IRQ,2018,MENA,18,168,2.63,5,14,22
Iraq,IRQ,2019,MENA,20,162,2.98,5,15,25
Iraq,IRQ,2020,MENA,21,160,2.52,5,17,25
Iraq,IRQ,2021,MENA,23,157,4.02,5,16,30
Iraq,IRQ,2022,MENA,23,157,3.98,5,16,30
Iraq,IRQ,2023,MENA,23,154,4.14,5,16,30
Iraq,IRQ,2024,MENA,26,140,4.44,6,19,33
Ireland,IRL,2012,WE/EU,69,25,3.50,6,64,75
Ireland,IRL,2013,WE/EU,72,21,4.20,6,65,79
Ireland,IRL,2014,WE/EU,74,17,4.75,6,66,82
Ireland,IRL,2015,WE/EU,75,18,4.92,6,67,83
Ireland,IRL,2016,WE/EU,73,19,4.31,6,66,80
Ireland,IRL,2017,WE/EU,74,19,3.68,7,68,80
Ireland,IRL,2018,WE/EU,73,18,3.25,7,68,78
Ireland,IRL,2019,WE/EU,74,18,3.61,7,68,80
Ireland,IRL,2020,WE/EU,72,20,2.15,7,68,76
Ireland,IRL,2021,WE/EU,74,13,0.68,8,73,75
Ireland,IRL,2022,WE/EU,77,10,0.79,8,76,78
Ireland,IRL,2023,WE/EU,77,11,1.17,8,75,79
Ireland,IRL,2024,WE/EU,77,10,1.55,8,74,80
Israel,ISR,2012,MENA,60,39,2.90,5,55,64
Israel,ISR,2013,MENA,61,36,1.60,6,58,64
Israel,ISR,2014,MENA,60,38,2.34,6,56,64
Israel,ISR,2015,MENA,61,32,2.78,6,56,66
Israel,ISR,2016,MENA,64,28,2.27,6,60,68
Israel,ISR,2017,MENA,62,32,2.19,7,58,66
Israel,ISR,2018,MENA,61,34,1.49,7,59,63
Israel,ISR,2019,MENA,60,35,1.99,7,57,63
Israel,ISR,2020,MENA,60,35,1.34,7,58,62
Israel,ISR,2021,MENA,59,36,2.05,7,56,62
Israel,ISR,2022,MENA,63,31,2.05,7,60,66
Israel,ISR,2023,MENA,62,33,2.45,6,58,66
Israel,ISR,2024,MENA,64,30,2.90,7,59,69
Italy,ITA,2012,WE/EU,42,72,2.40,7,38,46
Italy,ITA,2013,WE/EU,43,69,2.50,7,39,47
Italy,ITA,2014,WE/EU,43,69,2.26,7,39,47
Italy,ITA,2015,WE/EU,44,61,2.50,7,40,48
Italy,ITA,2016,WE/EU,47,60,3.34,7,42,53
Italy,ITA,2017,WE/EU,50,54,3.72,8,44,56
Italy,ITA,2018,WE/EU,52,53,3.29,8,47,57
Italy,ITA,2019,WE/EU,53,51,3.22,8,48,58
Italy,ITA,2020,WE/EU,53,52,2.11,8,50,56
Italy,ITA,2021,WE/EU,56,42,1.46,8,54,58
Italy,ITA,2022,WE/EU,56,41,1.71,8,53,59
Italy,ITA,2023,WE/EU,56,42,1.66,8,53,59
Italy,ITA,2024,WE/EU,54,52,1.67,8,51,57
Jamaica,JAM,2012,AME,38,83,2.20,6,35,42
Jamaica,JAM,2013,AME,38,83,1.80,6,35,41
Jamaica,JAM,2014,AME,38,85,1.80,6,35,41
Jamaica,JAM,2015,AME,41,69,1.68,6,38,44
Jamaica,JAM,2016,AME,39,83,1.84,6,36,42
Jamaica,JAM,2017,AME,44,68,3.96,7,37,51
Jamaica,JAM,2018,AME,44,70,3.37,7,38,50
Jamaica,JAM,2019,AME,43,74,3.58,7,37,49
Jamaica,JAM,2020,AME,44,69,3.34,7,39,49
Jamaica,JAM,2021,AME,44,70,3.66,6,38,50
Jamaica,JAM,2022,AME,44,69,3.66,6,38,50
Jamaica,JAM,2023,AME,44,69,3.06,7,39,49
Jamaica,JAM,2024,AME,44,73,2.78,7,39,49
Japan,JPN,2012,AP,74,17,2.30,9,70,78
Japan,JPN,2013,AP,74,18,2.40,9,70,78
Japan,JPN,2014,AP,76,15,3.16,8,71,81
Japan,JPN,2015,AP,75,18,2.96,8,70,80
Japan,JPN,2016,AP,72,20,3.02,8,67,77
Japan,JPN,2017,AP,73,20,2.66,9,69,77
Japan,JPN,2018,AP,73,18,2.85,9,68,78
Japan,JPN,2019,AP,73,20,3.51,9,67,79
Japan,JPN,2020,AP,74,19,2.02,9,71,77
Japan,JPN,2021,AP,73,18,2.10,9,70,76
Japan,JPN,2022,AP,73,18,1.86,9,70,76
Japan,JPN,2023,AP,73,16,1.75,9,70,76
Japan,JPN,2024,AP,71,20,2.58,9,67,75
Jordan,JOR,2012,MENA,48,58,3.10,7,43,54
Jordan,JOR,2013,MENA,45,66,2.40,7,41,49
Jordan,JOR,2014,MENA,49,55,2.87,7,44,54
Jordan,JOR,2015,MENA,53,45,3.00,7,48,58
Jordan,JOR,2016,MENA,48,57,3.03,8,43,53
Jordan,JOR,2017,MENA,48,59,2.99,8,43,53
Jordan,JOR,2018,MENA,49,58,3.21,8,44,54
Jordan,JOR,2019,MENA,48,60,3.29,8,43,53
Jordan,JOR,2020,MENA,49,60,2.20,8,45,53
Jordan,JOR,2021,MENA,49,58,2.65,8,45,53
Jordan,JOR,2022,MENA,47,61,2.38,8,43,51
Jordan,JOR,2023,MENA,46,63,2.87,7,41,51
Jordan,JOR,2024,MENA,49,59,3.48,8,43,55
Kazakhstan,KAZ,2012,ECA,28,133,4.10,8,21,35
Kazakhstan,KAZ,2013,ECA,26,140,3.30,8,21,31
Kazakhstan,KAZ,2014,ECA,29,126,4.40,8,22,36
Kazakhstan,KAZ,2015,ECA,28,123,4.90,8,20,36
Kazakhstan,KAZ,2016,ECA,29,131,3.35,9,23,34
Kazakhstan,KAZ,2017,ECA,31,122,3.59,9,25,37
Kazakhstan,KAZ,2018,ECA,31,124,3.60,9,25,37
Kazakhstan,KAZ,2019,ECA,34,113,4.18,9,27,41
Kazakhstan,KAZ,2020,ECA,38,94,3.12,9,33,43
Kazakhstan,KAZ,2021,ECA,37,102,3.33,9,32,42
Kazakhstan,KAZ,2022,ECA,36,101,3.29,9,31,41
Kazakhstan,KAZ,2023,ECA,39,93,3.20,9,34,44
Kazakhstan,KAZ,2024,ECA,40,88,3.11,9,35,45
Kenya,KEN,2012,SSA,27,139,2.20,8,24,31
Kenya,KEN,2013,SSA,27,136,2.70,8,23,31
Kenya,KEN,2014,SSA,25,145,2.98,8,20,30
Kenya,KEN,2015,SSA,25,139,3.02,8,20,30
Kenya,KEN,2016,SSA,26,145,1.72,9,24,29
Kenya,KEN,2017,SSA,28,143,1.94,9,25,31
Kenya,KEN,2018,SSA,27,144,1.82,9,24,30
Kenya,KEN,2019,SSA,28,137,2.17,9,24,32
Kenya,KEN,2020,SSA,31,124,1.49,9,29,33
Kenya,KEN,2021,SSA,30,128,1.32,9,28,32
Kenya,KEN,2022,SSA,32,123,1.50,9,30,34
Kenya,KEN,2023,SSA,31,126,1.54,9,28,34
Kenya,KEN,2024,SSA,32,121,2.08,9,29,35
Kosovo,KSV,2012,ECA,34,105,1.50,3,32,37
Kosovo,KSV,2013,ECA,33,111,2.30,3,29,37
Kosovo,KSV,2014,ECA,33,110,2.33,3,29,37
Kosovo,KSV,2015,ECA,33,102,2.19,3,29,37
Kosovo,KSV,2016,ECA,36,95,3.17,5,31,41
Kosovo,KSV,2017,ECA,39,85,2.13,5,36,42
Kosovo,KSV,2018,ECA,37,93,1.49,5,35,39
Kosovo,KSV,2019,ECA,36,101,0.81,5,35,37
Kosovo,KSV,2020,ECA,36,104,0.68,6,35,37
Kosovo,KSV,2021,ECA,39,87,2.31,6,35,43
Kosovo,KSV,2022,ECA,41,84,2.58,6,37,45
Kosovo,KSV,2023,ECA,41,83,2.36,6,37,45
Kosovo,KSV,2024,ECA,44,73,2.47,6,40,48
Kuwait,KWT,2012,MENA,44,66,3.90,5,37,50
Kuwait,KWT,2013,MENA,43,69,3.90,5,37,49
Kuwait,KWT,2014,MENA,44,67,5.24,5,35,53
Kuwait,KWT,2015,MENA,49,55,4.51,5,42,56
Kuwait,KWT,2016,MENA,41,75,2.67,5,37,45
Kuwait,KWT,2017,MENA,39,85,2.47,6,35,43
Kuwait,KWT,2018,MENA,41,78,3.47,6,35,47
Kuwait,KWT,2019,MENA,40,85,1.88,6,37,43
Kuwait,KWT,2020,MENA,42,78,1.88,6,39,45
Kuwait,KWT,2021,MENA,43,73,2.00,6,40,46
Kuwait,KWT,2022,MENA,42,77,1.74,6,39,45
Kuwait,KWT,2023,MENA,46,63,1.66,8,43,49
Kuwait,KWT,2024,MENA,46,65,1.65,8,43,49
Kyrgyzstan,KGZ,2012,ECA,24,154,1.80,6,21,27
Kyrgyzstan,KGZ,2013,ECA,24,150,2.30,6,20,28
Kyrgyzstan,KGZ,2014,ECA,27,136,2.35,6,23,31
Kyrgyzstan,KGZ,2015,ECA,28,123,2.29,6,24,32
Kyrgyzstan,KGZ,2016,ECA,28,136,2.08,7,24,31
Kyrgyzstan,KGZ,2017,ECA,29,135,2.59,7,25,33
Kyrgyzstan,KGZ,2018,ECA,29,132,2.37,7,25,33
Kyrgyzstan,KGZ,2019,ECA,30,126,2.54,7,26,34
Kyrgyzstan,KGZ,2020,ECA,31,124,1.28,7,29,33
Kyrgyzstan,KGZ,2021,ECA,27,144,1.16,7,25,29
Kyrgyzstan,KGZ,2022,ECA,27,140,1.32,7,25,29
Kyrgyzstan,KGZ,2023,ECA,26,141,1.69,7,23,29
Kyrgyzstan,KGZ,2024,ECA,25,146,1.61,7,22,28
Laos,LAO,2012,AP,21,160,1.30,3,19,23
Laos,LAO,2013,AP,26,140,5.00,4,18,34
Laos,LAO,2014,AP,25,145,3.80,4,19,31
Laos,LAO,2015,AP,25,139,5.31,4,16,34
Laos,LAO,2016,AP,30,123,6.19,4,20,40
Laos,LAO,2017,AP,29,135,5.89,5,19,39
Laos,LAO,2018,AP,29,132,5.70,5,20,38
Laos,LAO,2019,AP,29,130,5.00,5,21,37
Laos,LAO,2020,AP,29,134,3.95,5,23,35
Laos,LAO,2021,AP,30,128,3.21,5,25,35
Laos,LAO,2022,AP,31,126,3.70,5,25,37
Laos,LAO,2023,AP,28,136,2.44,4,24,32
Laos,LAO,2024,AP,33,114,5.06,5,25,41
Latvia,LVA,2012,WE/EU,49,54,4.00,6,42,55
Latvia,LVA,2013,WE/EU,53,49,3.60,8,47,59
Latvia,LVA,2014,WE/EU,55,44,3.35,8,50,60
Latvia,LVA,2015,WE/EU,56,38,2.76,8,51,61
Latvia,LVA,2016,WE/EU,57,44,2.96,9,52,62
Latvia,LVA,2017,WE/EU,58,40,3.21,9,53,63
Latvia,LVA,2018,WE/EU,58,41,2.95,9,53,63
Latvia,LVA,2019,WE/EU,56,44,3.53,9,50,62
Latvia,LVA,2020,WE/EU,57,42,1.92,9,54,60
Latvia,LVA,2021,WE/EU,59,36,1.32,10,57,61
Latvia,LVA,2022,WE/EU,59,39,1.36,10,57,61
Latvia,LVA,2023,WE/EU,60,36,1.76,9,57,63
Latvia,LVA,2024,WE/EU,59,38,2.09,10,56,62
Lebanon,LBN,2012,MENA,30,128,2.30,6,27,34
Lebanon,LBN,2013,MENA,28,127,3.30,6,23,33
Lebanon,LBN,2014,MENA,27,136,3.37,6,21,33
Lebanon,LBN,2015,MENA,28,123,3.22,6,23,33
Lebanon,LBN,2016,MENA,28,136,2.50,7,24,32
Lebanon,LBN,2017,MENA,28,143,2.11,7,25,31
Lebanon,LBN,2018,MENA,28,138,2.28,7,24,32
Lebanon,LBN,2019,MENA,28,137,2.27,7,24,32
Lebanon,LBN,2020,MENA,25,149,1.15,7,23,27
Lebanon,LBN,2021,MENA,24,154,0.77,7,23,25
Lebanon,LBN,2022,MENA,24,150,0.82,7,23,25
Lebanon,LBN,2023,MENA,24,149,1.12,6,22,26
Lebanon,LBN,2024,MENA,22,154,1.08,6,20,24
Lesotho,LSO,2012,SSA,45,64,4.60,5,38,53
Lesotho,LSO,2013,SSA,49,55,3.60,5,43,55
Lesotho,LSO,2014,SSA,49,55,3.55,5,43,55
Lesotho,LSO,2015,SSA,44,61,4.99,5,36,52
Lesotho,LSO,2016,SSA,39,83,6.15,5,29,49
Lesotho,LSO,2017,SSA,42,74,4.08,6,35,49
Lesotho,LSO,2018,SSA,41,78,3.67,6,35,47
Lesotho,LSO,2019,SSA,40,85,3.95,6,34,46
Lesotho,LSO,2020,SSA,41,83,3.24,6,36,46
Lesotho,LSO,2021,SSA,38,96,4.00,6,31,45
Lesotho,LSO,2022,SSA,37,99,3.87,6,31,43
Lesotho,LSO,2023,SSA,39,93,4.65,5,31,47
Lesotho,LSO,2024,SSA,37,99,4.13,6,30,44
Liberia,LBR,2012,SSA,41,75,3.90,7,35,47
Liberia,LBR,2013,SSA,38,83,3.30,7,33,43
Liberia,LBR,2014,SSA,37,94,3.09,6,32,42
Liberia,LBR,2015,SSA,37,83,4.22,7,30,44
Liberia,LBR,2016,SSA,37,90,3.43,7,31,43
Liberia,LBR,2017,SSA,31,122,3.24,8,26,36
Liberia,LBR,2018,SSA,32,120,3.31,8,27,37
Liberia,LBR,2019,SSA,28,137,2.67,7,24,32
Liberia,LBR,2020,SSA,28,137,2.01,7,25,31
Liberia,LBR,2021,SSA,29,136,1.70,8,26,32
Liberia,LBR,2022,SSA,26,142,1.72,7,23,29
Liberia,LBR,2023,SSA,25,145,1.64,7,22,28
Liberia,LBR,2024,SSA,27,135,2.01,8,24,30
Libya,LBY,2012,MENA,21,160,4.00,6,14,27
Libya,LBY,2013,MENA,15,172,3.30,6,10,20
Libya,LBY,2014,MENA,18,166,2.81,5,13,23
Libya,LBY,2015,MENA,16,161,3.18,5,11,21
Libya,LBY,2016,MENA,14,170,2.00,4,11,17
Libya,LBY,2017,MENA,17,171,3.05,5,12,22
Libya,LBY,2018,MENA,17,170,2.57,5,13,21
Libya,LBY,2019,MENA,18,168,2.24,5,14,22
Libya,LBY,2020,MENA,17,173,1.72,5,14,20
Libya,LBY,2021,MENA,17,172,1.72,5,14,20
Libya,LBY,2022,MENA,17,171,1.59,5,14,20
Libya,LBY,2023,MENA,18,170,1.83,5,15,21
Libya,LBY,2024,MENA,13,173,2.63,6,9,17
Lithuania,LTU,2012,WE/EU,54,48,5.30,7,45,63
Lithuania,LTU,2013,WE/EU,57,43,3.80,8,51,63
Lithuania,LTU,2014,WE/EU,58,40,3.85,8,52,64
Lithuania,LTU,2015,WE/EU,59,36,1.92,8,56,62
Lithuania,LTU,2016,WE/EU,59,38,1.36,9,57,61
Lithuania,LTU,2017,WE/EU,59,38,2.21,9,55,63
Lithuania,LTU,2018,WE/EU,59,38,2.30,9,55,63
Lithuania,LTU,2019,WE/EU,60,35,2.32,9,56,64
Lithuania,LTU,2020,WE/EU,60,35,1.34,9,58,62
Lithuania,LTU,2021,WE/EU,61,34,1.18,10,59,63
Lithuania,LTU,2022,WE/EU,62,33,1.14,10,60,64
Lithuania,LTU,2023,WE/EU,61,34,1.25,10,59,63
Lithuania,LTU,2024,WE/EU,63,32,1.66,9,60,66
Luxembourg,LUX,2012,WE/EU,80,12,2.80,6,75,85
Luxembourg,LUX,2013,WE/EU,80,11,2.90,6,75,85
Luxembourg,LUX,2014,WE/EU,82,9,2.78,6,77,87
Luxembourg,LUX,2015,WE/EU,85,7,1.60,5,82,88
Luxembourg,LUX,2016,WE/EU,81,10,1.96,6,78,84
Luxembourg,LUX,2017,WE/EU,82,8,2.08,6,79,85
Luxembourg,LUX,2018,WE/EU,81,9,2.32,7,77,85
Luxembourg,LUX,2019,WE/EU,80,9,1.95,7,77,83
Luxembourg,LUX,2020,WE/EU,80,9,1.50,7,78,82
Luxembourg,LUX,2021,WE/EU,81,9,0.96,8,79,83
Luxembourg,LUX,2022,WE/EU,77,10,1.08,8,75,79
Luxembourg,LUX,2023,WE/EU,78,9,1.06,8,76,80
Luxembourg,LUX,2024,WE/EU,81,5,2.00,7,78,84
Madagascar,MDG,2012,SSA,32,118,3.20,8,26,37
Madagascar,MDG,2013,SSA,28,127,1.90,8,25,31
Madagascar,MDG,2014,SSA,28,133,3.38,8,22,34
Madagascar,MDG,2015,SSA,28,123,2.99,7,23,33
Madagascar,MDG,2016,SSA,26,145,2.88,7,21,30
Madagascar,MDG,2017,SSA,24,155,2.72,8,20,28
Madagascar,MDG,2018,SSA,25,152,2.64,7,21,29
Madagascar,MDG,2019,SSA,24,158,2.48,8,20,28
Madagascar,MDG,2020,SSA,25,149,1.51,8,23,27
Madagascar,MDG,2021,SSA,26,147,1.69,7,23,29
Madagascar,MDG,2022,SSA,26,142,1.67,7,23,29
Madagascar,MDG,2023,SSA,25,145,1.53,7,22,28
Madagascar,MDG,2024,SSA,26,140,1.38,7,24,28
Malawi,MWI,2012,SSA,37,88,1.50,8,34,39
Malawi,MWI,2013,SSA,37,91,1.70,8,34,40
Malawi,MWI,2014,SSA,33,110,3.03,8,28,38
Malawi,MWI,2015,SSA,31,111,2.41,8,27,35
Malawi,MWI,2016,SSA,31,120,2.11,9,28,35
Malawi,MWI,2017,SSA,31,122,1.85,9,28,34
Malawi,MWI,2018,SSA,32,120,2.61,9,28,36
Malawi,MWI,2019,SSA,31,123,1.78,9,28,34
Malawi,MWI,2020,SSA,30,129,1.16,9,28,32
Malawi,MWI,2021,SSA,35,110,1.69,9,32,38
Malawi,MWI,2022,SSA,34,110,1.71,9,31,37
Malawi,MWI,2023,SSA,34,115,1.42,9,32,36
Malawi,MWI,2024,SSA,34,107,1.42,9,32,36
Malaysia,MYS,2012,AP,49,54,3.40,9,44,55
Malaysia,MYS,2013,AP,50,53,3.40,9,44,56
Malaysia,MYS,2014,AP,52,51,2.88,8,47,57
Malaysia,MYS,2015,AP,50,54,3.00,8,45,55
Malaysia,MYS,2016,AP,49,55,2.46,8,45,53
Malaysia,MYS,2017,AP,47,62,2.67,9,43,51
Malaysia,MYS,2018,AP,47,61,2.86,9,42,52
Malaysia,MYS,2019,AP,53,51,2.29,9,49,57
Malaysia,MYS,2020,AP,51,57,1.62,9,48,54
Malaysia,MYS,2021,AP,48,62,1.32,9,46,50
Malaysia,MYS,2022,AP,47,61,1.37,9,45,49
Malaysia,MYS,2023,AP,50,57,0.97,9,48,52
Malaysia,MYS,2024,AP,50,57,1.10,9,48,52
Maldives,MDV,2016,AP,36,95,5.66,3,27,46
Maldives,MDV,2017,AP,33,112,1.71,3,30,36
Maldives,MDV,2018,AP,31,124,2.24,3,27,35
Maldives,MDV,2019,AP,29,130,2.57,3,25,33
Maldives,MDV,2020,AP,43,75,7.69,3,30,56
Maldives,MDV,2021,AP,40,85,4.39,3,33,47
Maldives,MDV,2022,AP,40,85,4.83,3,32,48
Maldives,MDV,2023,AP,39,93,4.17,3,32,46
Maldives,MDV,2024,AP,38,96,2.85,3,33,43
Mali,MLI,2012,SSA,34,105,4.00,6,27,40
Mali,MLI,2013,SSA,28,127,3.30,6,23,33
Mali,MLI,2014,SSA,32,115,3.37,6,26,38
Mali,MLI,2015,SSA,35,95,1.89,6,32,38
Mali,MLI,2016,SSA,32,116,1.75,6,29,35
Mali,MLI,2017,SSA,31,122,2.08,7,28,34
Mali,MLI,2018,SSA,32,120,1.38,7,30,34
Mali,MLI,2019,SSA,29,130,2.62,8,25,33
Mali,MLI,2020,SSA,30,129,1.50,8,28,32
Mali,MLI,2021,SSA,29,136,1.46,8,27,31
Mali,MLI,2022,SSA,28,137,1.63,8,25,31
Mali,MLI,2023,SSA,28,136,1.49,8,26,30
Mali,MLI,2024,SSA,27,135,2.31,8,23,31
Malta,MLT,2012,WE/EU,57,43,2.40,4,53,61
Malta,MLT,2013,WE/EU,56,45,2.40,5,52,60
Malta,MLT,2014,WE/EU,55,44,2.63,5,51,59
Malta,MLT,2015,WE/EU,60,34,1.32,4,58,62
Malta,MLT,2016,WE/EU,55,47,1.39,5,53,58
Malta,MLT,2017,WE/EU,56,46,1.18,5,54,58
Malta,MLT,2018,WE/EU,54,51,1.39,5,52,56
Malta,MLT,2019,WE/EU,54,50,1.55,6,51,57
Malta,MLT,2020,WE/EU,53,52,1.42,6,51,55
Malta,MLT,2021,WE/EU,54,49,1.73,7,51,57
Malta,MLT,2022,WE/EU,51,54,2.52,7,47,55
Malta,MLT,2023,WE/EU,51,55,2.42,7,47,55
Malta,MLT,2024,WE/EU,46,65,3.43,6,40,52
Mauritania,MRT,2012,SSA,31,123,3.50,5,25,36
Mauritania,MRT,2013,SSA,30,119,4.10,5,23,37
Mauritania,MRT,2014,SSA,30,124,4.23,5,23,37
Mauritania,MRT,2015,SSA,31,111,5.07,5,23,39
Mauritania,MRT,2016,SSA,27,142,3.62,5,21,33
Mauritania,MRT,2017,SSA,28,143,2.41,6,24,32
Mauritania,MRT,2018,SSA,27,144,2.95,6,22,32
Mauritania,MRT,2019,SSA,28,137,2.73,6,24,32
Mauritania,MRT,2020,SSA,29,134,1.60,6,26,32
Mauritania,MRT,2021,SSA,28,140,1.85,7,25,31
Mauritania,MRT,2022,SSA,30,130,1.68,6,27,33
Mauritania,MRT,2023,SSA,30,130,1.65,6,27,33
Mauritania,MRT,2024,SSA,30,130,2.29,6,26,34
Mauritius,MUS,2012,SSA,57,43,3.50,5,51,63
Mauritius,MUS,2013,SSA,52,52,1.10,5,50,54
Mauritius,MUS,2014,SSA,54,48,2.39,4,50,58
Mauritius,MUS,2015,SSA,53,45,1.49,4,51,55
Mauritius,MUS,2016,SSA,54,50,2.14,4,50,57
Mauritius,MUS,2017,SSA,50,54,4.41,5,43,57
Mauritius,MUS,2018,SSA,51,56,3.83,5,45,57
Mauritius,MUS,2019,SSA,52,56,3.12,6,47,57
Mauritius,MUS,2020,SSA,53,52,1.54,6,50,56
Mauritius,MUS,2021,SSA,54,49,1.60,6,51,57
Mauritius,MUS,2022,SSA,50,57,1.78,6,47,53
Mauritius,MUS,2023,SSA,51,55,2.04,6,48,54
Mauritius,MUS,2024,SSA,51,56,2.53,7,47,55
Mexico,MEX,2012,AME,34,105,1.70,9,31,37
Mexico,MEX,2013,AME,34,106,1.80,9,31,37
Mexico,MEX,2014,AME,35,103,1.66,8,32,38
Mexico,MEX,2015,AME,31,111,3.02,8,26,36
Mexico,MEX,2016,AME,30,123,1.56,8,28,33
Mexico,MEX,2017,AME,29,135,1.69,9,26,32
Mexico,MEX,2018,AME,28,138,1.83,9,25,31
Mexico,MEX,2019,AME,29,130,1.73,9,26,32
Mexico,MEX,2020,AME,31,124,1.38,9,29,33
Mexico,MEX,2021,AME,31,124,1.43,9,29,33
Mexico,MEX,2022,AME,31,126,1.62,9,28,34
Mexico,MEX,2023,AME,31,126,1.56,9,28,34
Mexico,MEX,2024,AME,26,140,1.66,8,23,29
Moldova,MDA,2012,ECA,36,94,2.60,8,31,40
Moldova,MDA,2013,ECA,35,102,2.80,8,30,40
Moldova,MDA,2014,ECA,35,103,2.70,8,31,39
Moldova,MDA,2015,ECA,33,102,2.88,8,28,38
Moldova,MDA,2016,ECA,30,123,2.18,9,27,34
Moldova,MDA,2017,ECA,31,122,1.54,9,28,34
Moldova,MDA,2018,ECA,33,117,2.13,9,30,36
Moldova,MDA,2019,ECA,32,120,2.40,9,28,36
Moldova,MDA,2020,ECA,34,115,1.24,9,32,36
Moldova,MDA,2021,ECA,36,105,1.34,7,34,38
Moldova,MDA,2022,ECA,39,91,1.65,8,36,42
Moldova,MDA,2023,ECA,42,76,2.10,7,39,45
Moldova,MDA,2024,ECA,43,76,2.25,7,39,47
Mongolia,MNG,2012,AP,36,94,2.60,7,32,40
Mongolia,MNG,2013,AP,38,83,2.20,7,34,42
Mongolia,MNG,2014,AP,39,80,2.13,7,36,42
Mongolia,MNG,2015,AP,39,72,1.76,8,36,42
Mongolia,MNG,2016,AP,38,87,1.70,9,35,41
Mongolia,MNG,2017,AP,36,103,1.40,9,34,38
Mongolia,MNG,2018,AP,37,93,1.94,9,34,40
Mongolia,MNG,2019,AP,35,106,1.89,9,32,38
Mongolia,MNG,2020,AP,35,111,0.71,9,34,36
Mongolia,MNG,2021,AP,35,110,0.57,8,34,36
Mongolia,MNG,2022,AP,33,116,0.82,8,32,34
Mongolia,MNG,2023,AP,33,121,1.05,7,31,35
Mongolia,MNG,2024,AP,33,114,1.38,8,31,35
Montenegro,MNE,2012,ECA,41,75,4.50,4,34,49
Montenegro,MNE,2013,ECA,44,67,2.20,4,40,48
Montenegro,MNE,2014,ECA,42,76,4.25,4,35,49
Montenegro,MNE,2015,ECA,44,61,4.87,4,36,52
Montenegro,MNE,2016,ECA,45,64,2.89,4,41,50
Montenegro,MNE,2017,ECA,46,64,2.45,5,42,50
Montenegro,MNE,2018,ECA,45,67,4.43,5,38,52
Montenegro,MNE,2019,ECA,45,66,4.84,5,37,53
Montenegro,MNE,2020,ECA,45,67,3.25,5,40,50
Montenegro,MNE,2021,ECA,46,64,2.13,5,42,50
Montenegro,MNE,2022,ECA,45,65,1.93,5,42,48
Montenegro,MNE,2023,ECA,46,63,2.55,5,42,50
Montenegro,MNE,2024,ECA,46,65,3.03,5,41,51
Morocco,MAR,2012,MENA,37,88,3.20,8,32,43
Morocco,MAR,2013,MENA,37,91,2.90,8,32,42
Morocco,MAR,2014,MENA,39,80,3.57,6,33,45
Morocco,MAR,2015,MENA,36,88,3.85,6,30,42
Morocco,MAR,2016,MENA,37,90,1.74,7,34,40
Morocco,MAR,2017,MENA,40,81,2.60,7,36,44
Morocco,MAR,2018,MENA,43,73,3.68,7,37,49
Morocco,MAR,2019,MENA,41,80,3.15,7,36,46
Morocco,MAR,2020,MENA,40,86,2.22,7,36,44
Morocco,MAR,2021,MENA,39,87,2.47,6,35,43
Morocco,MAR,2022,MENA,38,94,1.80,7,35,41
Morocco,MAR,2023,MENA,38,97,1.70,7,35,41
Morocco,MAR,2024,MENA,37,99,1.55,8,34,40
Mozambique,MOZ,2012,SSA,31,123,1.60,7,29,34
Mozambique,MOZ,2013,SSA,30,119,2.00,7,27,33
Mozambique,MOZ,2014,SSA,31,119,1.89,7,28,34
Mozambique,MOZ,2015,SSA,31,111,1.97,7,28,34
Mozambique,MOZ,2016,SSA,27,142,2.57,8,23,31
Mozambique,MOZ,2017,SSA,25,153,2.87,8,20,30
Mozambique,MOZ,2018,SSA,23,158,2.64,8,19,27
Mozambique,MOZ,2019,SSA,26,146,2.98,9,21,31
Mozambique,MOZ,2020,SSA,25,149,1.60,9,22,28
Mozambique,MOZ,2021,SSA,26,147,1.99,8,23,29
Mozambique,MOZ,2022,SSA,26,142,1.89,8,23,29
Mozambique,MOZ,2023,SSA,25,145,1.91,8,22,28
Mozambique,MOZ,2024,SSA,25,146,2.39,8,21,29
Myanmar,MMR,2012,AP,15,172,3.70,4,9,21
Myanmar,MMR,2013,AP,21,157,3.90,6,15,27
Myanmar,MMR,2014,AP,21,156,2.87,7,16,26
Myanmar,MMR,2015,AP,22,147,2.82,7,17,27
Myanmar,MMR,2016,AP,28,136,3.69,8,22,34
Myanmar,MMR,2017,AP,30,130,3.91,7,24,36
Myanmar,MMR,2018,AP,29,132,3.94,7,23,35
Myanmar,MMR,2019,AP,29,130,4.21,7,22,36
Myanmar,MMR,2020,AP,28,137,2.65,7,24,32
Myanmar,MMR,2021,AP,28,140,2.78,7,23,33
Myanmar,MMR,2022,AP,23,157,1.90,7,20,26
Myanmar,MMR,2023,AP,20,162,2.29,7,16,24
Myanmar,MMR,2024,AP,16,168,2.01,7,13,19
Namibia,NAM,2012,SSA,48,58,3.50,6,42,54
Namibia,NAM,2013,SSA,48,57,3.40,6,42,54
Namibia,NAM,2014,SSA,49,55,4.00,5,42,56
Namibia,NAM,2015,SSA,53,45,2.75,5,48,58
Namibia,NAM,2016,SSA,52,53,2.03,5,49,55
Namibia,NAM,2017,SSA,51,53,3.22,6,46,56
Namibia,NAM,2018,SSA,53,52,3.72,6,47,59
Namibia,NAM,2019,SSA,52,56,3.13,7,47,57
Namibia,NAM,2020,SSA,51,57,1.88,7,48,54
Namibia,NAM,2021,SSA,49,58,2.61,7,45,53
Namibia,NAM,2022,SSA,49,59,2.48,7,45,53
Namibia,NAM,2023,SSA,49,59,2.84,6,44,54
Namibia,NAM,2024,SSA,49,59,1.61,8,46,52
Nepal,NPL,2012,AP,27,139,2.40,5,23,31
Nepal,NPL,2013,AP,31,116,1.40,5,29,33
Nepal,NPL,2014,AP,29,126,2.20,5,25,33
Nepal,NPL,2015,AP,27,130,2.73,5,23,31
Nepal,NPL,2016,AP,29,131,2.33,6,25,33
Nepal,NPL,2017,AP,31,122,2.00,6,28,34
Nepal,NPL,2018,AP,31,124,1.85,6,28,34
Nepal,NPL,2019,AP,34,113,1.76,6,31,37
Nepal,NPL,2020,AP,33,117,1.35,6,31,35
Nepal,NPL,2021,AP,33,117,0.54,6,32,34
Nepal,NPL,2022,AP,34,110,0.93,6,32,36
Nepal,NPL,2023,AP,35,108,0.74,6,34,36
Nepal,NPL,2024,AP,34,107,0.94,6,32,36
Netherlands,NLD,2012,WE/EU,84,9,2.00,7,81,88
Netherlands,NLD,2013,WE/EU,83,8,2.00,7,80,86
Netherlands,NLD,2014,WE/EU,83,8,1.97,7,80,86
Netherlands,NLD,2015,WE/EU,84,9,1.98,7,81,87
Netherlands,NLD,2016,WE/EU,83,8,2.32,7,79,87
Netherlands,NLD,2017,WE/EU,82,8,2.23,8,78,86
Netherlands,NLD,2018,WE/EU,82,8,2.30,8,78,86
Netherlands,NLD,2019,WE/EU,82,8,2.25,8,78,86
Netherlands,NLD,2020,WE/EU,82,8,1.44,8,80,84
Netherlands,NLD,2021,WE/EU,82,8,1.36,8,80,84
Netherlands,NLD,2022,WE/EU,80,8,2.01,8,77,83
Netherlands,NLD,2023,WE/EU,79,8,2.10,8,76,82
Netherlands,NLD,2024,WE/EU,78,9,2.34,8,74,82
New Zealand,NZL,2012,AP,90,1,2.20,7,87,94
New Zealand,NZL,2013,AP,91,1,2.30,7,87,95
New Zealand,NZL,2014,AP,91,2,2.28,7,87,95
New Zealand,NZL,2015,AP,91,1,2.32,7,87,95
New Zealand,NZL,2016,AP,90,1,2.56,7,86,94
New Zealand,NZL,2017,AP,89,1,2.40,8,85,93
New Zealand,NZL,2018,AP,87,2,2.44,8,83,91
New Zealand,NZL,2019,AP,87,1,2.29,8,83,91
New Zealand,NZL,2020,AP,88,1,1.48,8,86,90
New Zealand,NZL,2021,AP,88,1,1.43,8,86,90
New Zealand,NZL,2022,AP,87,2,1.41,8,85,89
New Zealand,NZL,2023,AP,85,3,1.92,8,82,88
New Zealand,NZL,2024,AP,83,4,1.77,8,80,86
Nicaragua,NIC,2012,AME,29,130,2.10,7,26,32
Nicaragua,NIC,2013,AME,28,127,2.40,7,24,32
Nicaragua,NIC,2014,AME,28,133,2.03,7,25,31
Nicaragua,NIC,2015,AME,27,130,2.50,7,23,31
Nicaragua,NIC,2016,AME,26,145,1.98,7,23,29
Nicaragua,NIC,2017,AME,26,151,1.29,8,24,28
Nicaragua,NIC,2018,AME,25,152,1.13,8,23,27
Nicaragua,NIC,2019,AME,22,161,1.16,7,20,24
Nicaragua,NIC,2020,AME,22,159,0.90,7,21,23
Nicaragua,NIC,2021,AME,20,164,0.97,8,18,22
Nicaragua,NIC,2022,AME,19,167,1.04,8,17,21
Nicaragua,NIC,2023,AME,17,172,0.96,7,15,19
Nicaragua,NIC,2024,AME,14,172,1.44,7,12,16
Niger,NER,2012,SSA,33,113,3.10,5,28,38
Niger,NER,2013,SSA,34,106,3.70,5,28,40
Niger,NER,2014,SSA,35,103,3.99,5,28,42
Niger,NER,2015,SSA,34,98,4.16,5,27,41
Niger,NER,2016,SSA,35,101,3.25,5,29,40
Niger,NER,2017,SSA,33,112,3.27,6,28,38
Niger,NER,2018,SSA,34,114,2.98,6,29,39
Niger,NER,2019,SSA,32,120,1.72,7,29,35
Niger,NER,2020,SSA,32,123,1.20,7,30,34
Niger,NER,2021,SSA,31,124,1.35,7,29,33
Niger,NER,2022,SSA,32,123,1.50,7,30,34
Niger,NER,2023,SSA,32,125,1.50,7,30,34
Niger,NER,2024,SSA,34,107,2.03,7,31,37
Nigeria,NGA,2012,SSA,27,139,2.70,9,22,31
Nigeria,NGA,2013,SSA,25,144,3.10,9,20,30
Nigeria,NGA,2014,SSA,27,136,2.82,8,22,32
Nigeria,NGA,2015,SSA,26,136,2.24,8,22,30
Nigeria,NGA,2016,SSA,28,136,1.98,9,24,31
Nigeria,NGA,2017,SSA,27,148,1.97,9,24,30
Nigeria,NGA,2018,SSA,27,144,2.03,9,24,30
Nigeria,NGA,2019,SSA,26,146,1.87,8,23,29
Nigeria,NGA,2020,SSA,25,149,1.45,8,23,27
Nigeria,NGA,2021,SSA,24,154,1.57,8,21,27
Nigeria,NGA,2022,SSA,24,150,1.60,8,21,27
Nigeria,NGA,2023,SSA,25,145,1.64,8,22,28
Nigeria,NGA,2024,SSA,26,140,1.45,10,24,28
North Korea,PRK,2012,AP,8,174,3.40,3,2,13
North Korea,PRK,2013,AP,8,175,3.40,3,2,14
North Korea,PRK,2014,AP,8,174,3.35,3,3,13
North Korea,PRK,2015,AP,8,167,3.38,3,2,14
North Korea,PRK,2016,AP,12,174,1.39,3,10,15
North Korea,PRK,2017,AP,17,171,4.18,4,10,24
North Korea,PRK,2018,AP,14,176,1.39,4,12,16
North Korea,PRK,2019,AP,17,172,3.16,4,12,22
North Korea,PRK,2020,AP,18,170,3.46,4,12,24
North Korea,PRK,2021,AP,16,174,2.57,4,12,20
North Korea,PRK,2022,AP,17,171,3.78,4,11,23
North Korea,PRK,2023,AP,17,172,3.78,4,11,23
North Korea,PRK,2024,AP,15,170,4.12,4,8,22
North Macedonia,MKD,2012,ECA,43,69,4.70,6,35,51
North Macedonia,MKD,2013,ECA,44,67,5.00,6,36,52
North Macedonia,MKD,2014,ECA,45,64,5.92,6,35,55
North Macedonia,MKD,2015,ECA,42,66,5.27,6,33,51
North Macedonia,MKD,2016,ECA,37,90,4.97,7,29,45
North Macedonia,MKD,2017,ECA,35,107,4.49,6,28,42
North Macedonia,MKD,2018,ECA,37,93,3.38,7,31,43
North Macedonia,MKD,2019,ECA,35,106,3.56,7,29,41
North Macedonia,MKD,2020,ECA,35,111,2.44,7,31,39
North Macedonia,MKD,2021,ECA,39,87,1.66,7,36,42
North Macedonia,MKD,2022,ECA,40,85,1.95,7,37,43
North Macedonia,MKD,2023,ECA,42,76,2.88,6,37,47
North Macedonia,MKD,2024,ECA,40,88,2.73,7,36,44
Norway,NOR,2012,WE/EU,85,7,1.60,7,82,87
Norway,NOR,2013,WE/EU,86,5,2.30,7,82,90
Norway,NOR,2014,WE/EU,86,5,2.38,7,82,90
Norway,NOR,2015,WE/EU,88,5,2.24,7,84,92
Norway,NOR,2016,WE/EU,85,6,1.85,7,82,88
Norway,NOR,2017,WE/EU,85,3,1.83,8,82,88
Norway,NOR,2018,WE/EU,84,7,2.14,8,80,88
Norway,NOR,2019,WE/EU,84,7,1.65,7,81,87
Norway,NOR,2020,WE/EU,84,7,1.26,7,82,86
Norway,NOR,2021,WE/EU,85,4,1.07,7,83,87
Norway,NOR,2022,WE/EU,84,4,1.17,7,82,86
Norway,NOR,2023,WE/EU,84,4,1.38,7,82,86
Norway,NOR,2024,WE/EU,81,5,1.65,8,78,84
Oman,OMN,2012,MENA,47,61,7.60,5,35,60
Oman,OMN,2013,MENA,47,61,7.80,5,34,60
Oman,OMN,2014,MENA,45,64,6.55,5,34,56
Oman,OMN,2015,MENA,45,60,6.69,5,34,56
Oman,OMN,2016,MENA,45,64,7.07,5,33,56
Oman,OMN,2017,MENA,44,68,7.00,5,33,55
Oman,OMN,2018,MENA,52,53,9.46,6,36,68
Oman,OMN,2019,MENA,52,56,9.78,6,36,68
Oman,OMN,2020,MENA,54,49,7.47,6,42,66
Oman,OMN,2021,MENA,52,56,7.12,6,40,64
Oman,OMN,2022,MENA,44,69,4.95,5,36,52
Oman,OMN,2023,MENA,43,70,5.32,5,34,52
Oman,OMN,2024,MENA,55,50,6.49,6,44,66
Pakistan,PAK,2012,AP,27,139,2.30,8,23,31
Pakistan,PAK,2013,AP,28,127,3.00,8,23,33
Pakistan,PAK,2014,AP,29,126,3.24,7,24,34
Pakistan,PAK,2015,AP,30,117,3.12,7,25,35
Pakistan,PAK,2016,AP,32,116,2.12,7,28,35
Pakistan,PAK,2017,AP,32,117,2.11,8,29,35
Pakistan,PAK,2018,AP,33,117,2.06,8,30,36
Pakistan,PAK,2019,AP,32,120,2.46,8,28,36
Pakistan,PAK,2020,AP,31,124,1.80,8,28,34
Pakistan,PAK,2021,AP,28,140,1.87,8,25,31
Pakistan,PAK,2022,AP,27,140,1.92,7,24,30
Pakistan,PAK,2023,AP,29,133,2.09,8,26,32
Pakistan,PAK,2024,AP,27,135,1.99,8,24,30
Panama,PAN,2012,AME,38,83,3.10,6,33,44
Panama,PAN,2013,AME,35,102,2.20,6,31,39
Panama,PAN,2014,AME,37,94,3.49,6,31,43
Panama,PAN,2015,AME,39,72,3.01,6,34,44
Panama,PAN,2016,AME,38,87,2.29,6,34,42
Panama,PAN,2017,AME,37,96,1.79,7,34,40
Panama,PAN,2018,AME,37,93,1.76,7,34,40
Panama,PAN,2019,AME,36,101,1.37,7,34,38
Panama,PAN,2020,AME,35,111,0.77,7,34,36
Panama,PAN,2021,AME,36,105,1.02,7,34,38
Panama,PAN,2022,AME,36,101,1.08,7,34,38
Panama,PAN,2023,AME,35,108,1.17,7,33,37
Panama,PAN,2024,AME,33,114,1.44,7,31,35
Papua New Guinea,PNG,2012,AP,25,150,4.20,5,18,32
Papua New Guinea,PNG,2013,AP,25,144,4.20,5,18,32
Papua New Guinea,PNG,2014,AP,25,145,4.16,5,18,32
Papua New Guinea,PNG,2015,AP,25,139,4.22,5,18,32
Papua New Guinea,PNG,2016,AP,28,136,3.01,5,23,32
Papua New Guinea,PNG,2017,AP,29,135,2.55,6,25,33
Papua New Guinea,PNG,2018,AP,28,138,2.47,6,24,32
Papua New Guinea,PNG,2019,AP,28,137,2.38,6,24,32
Papua New Guinea,PNG,2020,AP,27,142,1.62,6,24,30
Papua New Guinea,PNG,2021,AP,31,124,2.26,6,27,35
Papua New Guinea,PNG,2022,AP,30,130,2.34,6,26,34
Papua New Guinea,PNG,2023,AP,29,133,1.76,6,26,32
Papua New Guinea,PNG,2024,AP,31,127,1.42,6,29,33
Paraguay,PRY,2012,AME,25,150,2.90,5,20,29
Paraguay,PRY,2013,AME,24,150,3.10,5,19,29
Paraguay,PRY,2014,AME,24,150,2.95,5,19,29
Paraguay,PRY,2015,AME,27,130,2.85,5,22,32
Paraguay,PRY,2016,AME,30,123,2.68,6,25,34
Paraguay,PRY,2017,AME,29,135,3.10,6,24,34
Paraguay,PRY,2018,AME,29,132,3.05,6,24,34
Paraguay,PRY,2019,AME,28,137,2.84,6,23,33
Paraguay,PRY,2020,AME,28,137,2.19,6,24,32
Paraguay,PRY,2021,AME,30,128,1.40,7,28,32
Paraguay,PRY,2022,AME,28,137,1.70,7,25,31
Paraguay,PRY,2023,AME,28,136,1.84,6,25,31
Paraguay,PRY,2024,AME,24,149,2.33,7,20,28
Peru,PER,2012,AME,38,83,2.10,7,35,42
Peru,PER,2013,AME,38,83,2.50,7,34,42
Peru,PER,2014,AME,38,85,2.63,7,34,42
Peru,PER,2015,AME,36,88,3.05,7,31,41
Peru,PER,2016,AME,35,101,2.04,7,32,39
Peru,PER,2017,AME,37,96,3.35,8,32,42
Peru,PER,2018,AME,35,105,3.10,8,30,40
Peru,PER,2019,AME,36,101,3.07,8,31,41
Peru,PER,2020,AME,38,94,1.98,8,35,41
Peru,PER,2021,AME,36,105,1.84,8,33,39
Peru,PER,2022,AME,36,101,1.43,8,34,38
Peru,PER,2023,AME,33,121,1.40,8,31,35
Peru,PER,2024,AME,31,127,2.26,8,27,35
Philippines,PHL,2012,AP,34,105,2.20,9,30,37
Philippines,PHL,2013,AP,36,94,2.50,9,32,40
Philippines,PHL,2014,AP,38,85,1.84,8,35,41
Philippines,PHL,2015,AP,35,95,1.92,8,32,38
Philippines,PHL,2016,AP,35,101,1.58,9,33,38
Philippines,PHL,2017,AP,34,111,1.90,9,31,37
Philippines,PHL,2018,AP,36,99,1.55,9,33,39
Philippines,PHL,2019,AP,34,113,1.59,9,31,37
Philippines,PHL,2020,AP,34,115,0.92,9,32,36
Philippines,PHL,2021,AP,33,117,0.94,9,31,35
Philippines,PHL,2022,AP,33,116,0.93,9,31,35
Philippines,PHL,2023,AP,34,115,1.21,9,32,36
Philippines,PHL,2024,AP,33,114,1.81,9,30,36
Poland,POL,2012,WE/EU,58,41,2.00,10,55,62
Poland,POL,2013,WE/EU,60,38,2.30,10,56,64
Poland,POL,2014,WE/EU,61,36,2.70,9,57,65
Poland,POL,2015,WE/EU,63,29,2.59,9,59,67
Poland,POL,2016,WE/EU,62,29,1.77,10,59,65
Poland,POL,2017,WE/EU,60,36,1.36,10,58,62
Poland,POL,2018,WE/EU,60,36,1.69,10,57,63
Poland,POL,2019,WE/EU,58,41,1.85,10,55,61
Poland,POL,2020,WE/EU,56,45,1.39,10,54,58
Poland,POL,2021,WE/EU,56,42,1.22,10,54,58
Poland,POL,2022,WE/EU,55,45,1.37,10,53,57
Poland,POL,2023,WE/EU,54,47,1.36,10,52,56
Poland,POL,2024,WE/EU,53,53,1.84,10,50,56
Portugal,PRT,2012,WE/EU,63,33,2.50,7,59,67
Portugal,PRT,2013,WE/EU,62,33,3.00,7,57,67
Portugal,PRT,2014,WE/EU,63,31,3.36,7,57,69
Portugal,PRT,2015,WE/EU,64,28,2.50,7,60,68
Portugal,PRT,2016,WE/EU,62,29,2.58,8,58,66
Portugal,PRT,2017,WE/EU,63,29,2.56,8,59,67
Portugal,PRT,2018,WE/EU,64,30,2.14,8,60,68
Portugal,PRT,2019,WE/EU,62,30,2.82,8,57,67
Portugal,PRT,2020,WE/EU,61,33,1.73,8,58,64
Portugal,PRT,2021,WE/EU,62,32,1.84,8,59,65
Portugal,PRT,2022,WE/EU,62,33,1.63,8,59,65
Portugal,PRT,2023,WE/EU,61,34,1.75,8,58,64
Portugal,PRT,2024,WE/EU,57,43,1.63,8,54,60
Puerto Rico,PRI,2012,AME,63,33,4.90,3,55,71
Puerto Rico,PRI,2013,AME,62,33,6.00,3,52,72
Puerto Rico,PRI,2014,AME,63,31,4.37,3,56,70
Qatar,QAT,2012,MENA,68,27,6.40,6,58,79
Qatar,QAT,2013,MENA,68,28,7.20,6,56,80
Qatar,QAT,2014,MENA,69,27,7.21,6,57,81
Qatar,QAT,2015,MENA,71,22,6.63,6,60,82
Qatar,QAT,2016,MENA,61,31,7.02,7,49,72
Qatar,QAT,2017,MENA,63,29,7.50,7,51,75
Qatar,QAT,2018,MENA,62,33,8.08,7,49,75
Qatar,QAT,2019,MENA,62,30,8.00,7,49,75
Qatar,QAT,2020,MENA,63,30,5.35,7,54,72
Qatar,QAT,2021,MENA,63,31,5.01,7,55,71
Qatar,QAT,2022,MENA,58,40,5.08,6,50,66
Qatar,QAT,2023,MENA,58,40,4.90,6,50,66
Qatar,QAT,2024,MENA,59,38,4.33,7,52,66
Romania,ROU,2012,WE/EU,44,66,3.70,8,38,50
Romania,ROU,2013,WE/EU,43,69,3.00,9,38,48
Romania,ROU,2014,WE/EU,43,69,3.60,9,37,49
Romania,ROU,2015,WE/EU,46,58,3.11,9,41,51
Romania,ROU,2016,WE/EU,48,57,3.00,10,43,53
Romania,ROU,2017,WE/EU,48,59,3.12,10,43,53
Romania,ROU,2018,WE/EU,47,61,3.25,10,42,52
Romania,ROU,2019,WE/EU,44,70,2.76,10,39,49
Romania,ROU,2020,WE/EU,44,69,0.89,10,43,45
Romania,ROU,2021,WE/EU,45,66,1.00,10,43,47
Romania,ROU,2022,WE/EU,46,63,1.01,10,44,48
Romania,ROU,2023,WE/EU,46,63,0.91,10,45,47
Romania,ROU,2024,WE/EU,46,65,2.00,8,43,49
Russia,RUS,2012,ECA,28,133,2.20,9,25,32
Russia,RUS,2013,ECA,28,127,2.30,9,24,32
Russia,RUS,2014,ECA,27,136,2.61,8,23,31
Russia,RUS,2015,ECA,29,119,2.52,8,25,33
Russia,RUS,2016,ECA,29,131,2.73,9,24,33
Russia,RUS,2017,ECA,29,135,2.50,9,25,33
Russia,RUS,2018,ECA,28,138,2.51,9,24,32
Russia,RUS,2019,ECA,28,137,2.48,9,24,32
Russia,RUS,2020,ECA,30,129,1.33,9,28,32
Russia,RUS,2021,ECA,29,136,1.46,9,27,31
Russia,RUS,2022,ECA,28,137,1.73,8,25,31
Russia,RUS,2023,ECA,26,141,1.47,7,24,28
Russia,RUS,2024,ECA,22,154,1.55,7,19,25
Rwanda,RWA,2012,SSA,53,50,6.30,5,42,63
Rwanda,RWA,2013,SSA,53,49,5.70,5,44,62
Rwanda,RWA,2014,SSA,49,55,3.23,4,44,54
Rwanda,RWA,2015,SSA,54,43,6.42,5,43,65
Rwanda,RWA,2016,SSA,54,50,5.07,6,46,62
Rwanda,RWA,2017,SSA,55,48,6.00,6,45,65
Rwanda,RWA,2018,SSA,56,48,6.07,6,46,66
Rwanda,RWA,2019,SSA,53,51,4.75,7,45,61
Rwanda,RWA,2020,SSA,54,49,3.39,7,48,60
Rwanda,RWA,2021,SSA,53,52,3.59,7,47,59
Rwanda,RWA,2022,SSA,51,54,2.79,6,46,56
Rwanda,RWA,2023,SSA,53,49,2.19,6,49,57
Rwanda,RWA,2024,SSA,57,43,2.63,7,53,61
Saint Lucia,LCA,2012,AME,71,22,0.80,3,70,73
Saint Lucia,LCA,2013,AME,71,22,0.80,3,70,72
Saint Lucia,LCA,2014,AME,71,24,0.84,3,70,72
Saint Lucia,LCA,2016,AME,60,35,6.80,3,49,71
Saint Lucia,LCA,2017,AME,55,48,4.27,3,48,62
Saint Lucia,LCA,2018,AME,55,50,4.27,3,48,62
Saint Lucia,LCA,2019,AME,55,48,4.15,3,48,62
Saint Lucia,LCA,2020,AME,56,45,4.17,3,49,63
Saint Lucia,LCA,2021,AME,56,42,4.03,3,49,63
Saint Lucia,LCA,2022,AME,55,45,3.70,3,49,61
Saint Lucia,LCA,2023,AME,55,45,3.70,3,49,61
Saint Lucia,LCA,2024,AME,59,38,7.91,3,46,72
Saint Vincent and the Grenadines,VCT,2012,AME,62,36,5.60,3,53,71
Saint Vincent and the Grenadines,VCT,2013,AME,62,33,5.60,3,53,71
Saint Vincent and the Grenadines,VCT,2014,AME,62,35,5.59,3,53,71
Saint Vincent and the Grenadines,VCT,2016,AME,60,35,1.66,3,57,63
Saint Vincent and the Grenadines,VCT,2017,AME,58,40,3.39,3,52,64
Saint Vincent and the Grenadines,VCT,2018,AME,58,41,3.39,3,52,64
Saint Vincent and the Grenadines,VCT,2019,AME,59,39,4.14,3,52,66
Saint Vincent and the Grenadines,VCT,2020,AME,59,40,4.02,3,52,66
Saint Vincent and the Grenadines,VCT,2021,AME,59,36,3.55,3,53,65
Saint Vincent and the Grenadines,VCT,2022,AME,60,35,4.51,3,53,67
Saint Vincent and the Grenadines,VCT,2023,AME,60,36,4.26,3,53,67
Saint Vincent and the Grenadines,VCT,2024,AME,63,32,1.94,3,60,66
Sao Tome and Principe,STP,2012,SSA,42,72,5.00,3,34,50
Sao Tome and Principe,STP,2013,SSA,42,72,5.00,3,34,50
Sao Tome and Principe,STP,2014,SSA,42,76,5.05,3,34,50
Sao Tome and Principe,STP,2015,SSA,42,66,5.00,3,34,50
Sao Tome and Principe,STP,2016,SSA,46,62,0.93,3,44,47
Sao Tome and Principe,STP,2017,SSA,46,64,5.21,4,37,55
Sao Tome and Principe,STP,2018,SSA,46,64,5.05,4,38,54
Sao Tome and Principe,STP,2019,SSA,46,64,5.36,4,37,55
Sao Tome and Principe,STP,2020,SSA,47,63,5.06,4,39,55
Sao Tome and Principe,STP,2021,SSA,45,66,4.82,4,37,53
Sao Tome and Principe,STP,2022,SSA,45,65,4.82,4,37,53
Sao Tome and Principe,STP,2023,SSA,45,67,4.82,4,37,53
Sao Tome and Principe,STP,2024,SSA,45,69,5.38,4,36,54
Saudi Arabia,SAU,2012,MENA,44,66,6.40,5,34,55
Saudi Arabia,SAU,2013,MENA,46,63,6.70,5,35,57
Saudi Arabia,SAU,2014,MENA,49,55,6.69,5,38,60
Saudi Arabia,SAU,2015,MENA,52,48,7.03,5,40,64
Saudi Arabia,SAU,2016,MENA,46,62,7.54,5,33,58
Saudi Arabia,SAU,2017,MENA,49,57,6.14,7,39,59
Saudi Arabia,SAU,2018,MENA,49,58,6.34,7,39,59
Saudi Arabia,SAU,2019,MENA,53,51,7.56,7,41,65
Saudi Arabia,SAU,2020,MENA,53,52,5.36,7,44,62
Saudi Arabia,SAU,2021,MENA,53,52,4.24,7,46,60
Saudi Arabia,SAU,2022,MENA,51,54,4.64,6,43,59
Saudi Arabia,SAU,2023,MENA,52,53,5.28,6,43,61
Saudi Arabia,SAU,2024,MENA,59,38,4.18,7,52,66
Senegal,SEN,2012,SSA,36,94,1.80,9,33,39
Senegal,SEN,2013,SSA,41,77,1.50,9,39,43
Senegal,SEN,2014,SSA,43,69,2.28,8,39,47
Senegal,SEN,2015,SSA,44,61,2.61,8,40,48
Senegal,SEN,2016,SSA,45,64,2.63,8,40,49
Senegal,SEN,2017,SSA,45,66,2.52,9,41,49
Senegal,SEN,2018,SSA,45,67,2.51,9,41,49
Senegal,SEN,2019,SSA,45,66,2.06,9,42,48
Senegal,SEN,2020,SSA,45,67,1.33,9,43,47
Senegal,SEN,2021,SSA,43,73,1.35,9,41,45
Senegal,SEN,2022,SSA,43,72,1.40,9,41,45
Senegal,SEN,2023,SSA,43,70,1.35,9,41,45
Senegal,SEN,2024,SSA,45,69,1.41,9,43,47
Serbia,SRB,2012,ECA,39,80,2.60,7,35,44
Serbia,SRB,2013,ECA,42,72,3.40,7,36,48
Serbia,SRB,2014,ECA,41,78,2.92,7,36,46
Serbia,SRB,2015,ECA,40,71,3.90,7,34,46
Serbia,SRB,2016,ECA,42,72,3.69,7,36,48
Serbia,SRB,2017,ECA,41,77,2.80,8,36,46
Serbia,SRB,2018,ECA,39,87,2.89,8,34,44
Serbia,SRB,2019,ECA,39,91,2.48,8,35,43
Serbia,SRB,2020,ECA,38,94,1.66,8,35,41
Serbia,SRB,2021,ECA,38,96,1.42,8,36,40
Serbia,SRB,2022,ECA,36,101,1.33,8,34,38
Serbia,SRB,2023,ECA,36,104,1.26,8,34,38
Serbia,SRB,2024,ECA,35,105,1.37,8,33,37
Seychelles,SYC,2012,SSA,52,51,8.00,4,38,65
Seychelles,SYC,2013,SSA,54,47,8.20,4,41,67
Seychelles,SYC,2014,SSA,55,44,8.62,3,41,69
Seychelles,SYC,2015,SSA,55,40,8.50,3,41,69
Seychelles,SYC,2017,SSA,60,36,8.32,4,46,74
Seychelles,SYC,2018,SSA,66,28,3.08,4,61,71
Seychelles,SYC,2019,SSA,66,27,3.40,4,60,72
Seychelles,SYC,2020,SSA,66,27,2.97,4,61,71
Seychelles,SYC,2021,SSA,70,23,1.34,3,68,72
Seychelles,SYC,2022,SSA,70,23,1.78,3,67,73
Seychelles,SYC,2023,SSA,71,20,0.37,3,70,72
Seychelles,SYC,2024,SSA,72,18,3.97,4,65,79
Sierra Leone,SLE,2012,SSA,31,123,1.90,8,28,34
Sierra Leone,SLE,2013,SSA,30,119,2.40,8,26,34
Sierra Leone,SLE,2014,SSA,31,119,2.30,8,27,35
Sierra Leone,SLE,2015,SSA,29,119,3.44,8,23,35
Sierra Leone,SLE,2016,SSA,30,123,2.94,8,25,35
Sierra Leone,SLE,2017,SSA,30,130,1.95,9,27,33
Sierra Leone,SLE,2018,SSA,30,129,2.17,9,26,34
Sierra Leone,SLE,2019,SSA,33,119,3.47,8,27,39
Sierra Leone,SLE,2020,SSA,33,117,2.42,8,29,37
Sierra Leone,SLE,2021,SSA,34,115,1.84,9,31,37
Sierra Leone,SLE,2022,SSA,34,110,1.73,9,31,37
Sierra Leone,SLE,2023,SSA,35,108,2.14,8,31,39
Sierra Leone,SLE,2024,SSA,33,114,2.17,9,29,37
Singapore,SGP,2012,AP,87,5,2.10,9,83,90
Singapore,SGP,2013,AP,86,5,2.30,9,82,90
Singapore,SGP,2014,AP,84,7,1.75,8,81,87
Singapore,SGP,2015,AP,85,7,2.02,8,82,88
Singapore,SGP,2016,AP,84,7,2.35,8,81,88
Singapore,SGP,2017,AP,84,6,2.26,9,80,88
Singapore,SGP,2018,AP,85,3,1.98,9,82,88
Singapore,SGP,2019,AP,85,4,2.05,9,82,88
Singapore,SGP,2020,AP,85,3,1.20,9,83,87
Singapore,SGP,2021,AP,85,4,1.16,9,83,87
Singapore,SGP,2022,AP,83,5,1.30,8,81,85
Singapore,SGP,2023,AP,83,5,1.15,9,81,85
Singapore,SGP,2024,AP,84,3,1.48,9,82,86
Slovakia,SVK,2012,WE/EU,46,62,4.30,8,39,53
Slovakia,SVK,2013,WE/EU,47,61,4.70,8,39,55
Slovakia,SVK,2014,WE/EU,50,54,4.07,8,43,57
Slovakia,SVK,2015,WE/EU,51,50,3.63,8,45,57
Slovakia,SVK,2016,WE/EU,51,54,3.09,8,46,57
Slovakia,SVK,2017,WE/EU,50,54,3.32,9,45,55
Slovakia,SVK,2018,WE/EU,50,57,4.11,9,43,57
Slovakia,SVK,2019,WE/EU,50,59,4.57,9,43,57
Slovakia,SVK,2020,WE/EU,49,60,2.69,9,45,53
Slovakia,SVK,2021,WE/EU,52,56,2.01,10,49,55
Slovakia,SVK,2022,WE/EU,53,49,1.72,10,50,56
Slovakia,SVK,2023,WE/EU,54,47,1.67,9,51,57
Slovakia,SVK,2024,WE/EU,49,59,2.29,10,45,53
Slovenia,SVN,2012,WE/EU,61,37,3.90,8,55,67
Slovenia,SVN,2013,WE/EU,57,43,3.60,9,51,63
Slovenia,SVN,2014,WE/EU,58,40,3.03,9,53,63
Slovenia,SVN,2015,WE/EU,60,34,2.93,9,55,65
Slovenia,SVN,2016,WE/EU,61,31,2.44,10,57,65
Slovenia,SVN,2017,WE/EU,61,34,2.78,10,56,66
Slovenia,SVN,2018,WE/EU,60,36,2.37,10,56,64
Slovenia,SVN,2019,WE/EU,60,35,2.28,10,56,64
Slovenia,SVN,2020,WE/EU,60,35,1.13,10,58,62
Slovenia,SVN,2021,WE/EU,57,41,1.04,10,55,59
Slovenia,SVN,2022,WE/EU,56,41,0.96,10,54,58
Slovenia,SVN,2023,WE/EU,56,42,1.04,10,54,58
Slovenia,SVN,2024,WE/EU,60,36,1.78,10,57,63
Solomon Islands,SLB,2016,AP,42,72,3.34,3,36,47
Solomon Islands,SLB,2017,AP,39,85,3.71,3,33,45
Solomon Islands,SLB,2018,AP,44,70,7.38,3,32,56
Solomon Islands,SLB,2019,AP,42,77,8.69,3,28,56
Solomon Islands,SLB,2020,AP,42,78,7.80,3,29,55
Solomon Islands,SLB,2021,AP,43,73,7.31,3,31,55
Solomon Islands,SLB,2022,AP,42,77,7.67,3,29,55
Solomon Islands,SLB,2023,AP,43,70,7.43,3,31,55
Solomon Islands,SLB,2024,AP,43,76,7.48,3,31,55
Somalia,SOM,2012,SSA,8,174,2.30,4,4,12
Somalia,SOM,2013,SSA,8,175,1.90,4,5,11
Somalia,SOM,2014,SSA,8,174,2.34,4,4,12
Somalia,SOM,2015,SSA,8,167,2.32,4,4,12
Somalia,SOM,2016,SSA,10,176,2.98,5,5,15
Somalia,SOM,2017,SSA,9,180,2.26,5,5,13
Somalia,SOM,2018,SSA,10,180,3.08,6,5,15
Somalia,SOM,2019,SSA,9,180,1.74,5,6,12
Somalia,SOM,2020,SSA,12,179,2.29,6,8,16
Somalia,SOM,2021,SSA,13,178,1.89,6,10,16
Somalia,SOM,2022,SSA,12,180,1.74,6,9,15
Somalia,SOM,2023,SSA,11,180,2.08,6,8,14
Somalia,SOM,2024,SSA,9,179,2.30,6,5,13
South Africa,ZAF,2012,SSA,43,69,2.50,9,39,48
South Africa,ZAF,2013,SSA,42,72,2.80,9,37,47
South Africa,ZAF,2014,SSA,44,67,2.41,7,40,48
South Africa,ZAF,2015,SSA,44,61,2.61,7,40,48
South Africa,ZAF,2016,SSA,45,64,2.55,7,41,49
South Africa,ZAF,2017,SSA,43,71,3.98,8,36,50
South Africa,ZAF,2018,SSA,43,73,3.80,8,37,49
South Africa,ZAF,2019,SSA,44,70,3.44,8,38,50
South Africa,ZAF,2020,SSA,44,69,2.17,8,40,48
South Africa,ZAF,2021,SSA,44,70,2.35,8,40,48
South Africa,ZAF,2022,SSA,43,72,2.01,8,40,46
South Africa,ZAF,2023,SSA,41,83,2.08,8,38,44
South Africa,ZAF,2024,SSA,41,82,2.43,9,37,45
South Korea,KOR,2012,AP,56,45,2.40,10,52,60
South Korea,KOR,2013,AP,55,46,2.40,10,51,59
South Korea,KOR,2014,AP,55,44,2.64,9,51,59
South Korea,KOR,2015,AP,54,43,2.29,9,50,58
South Korea,KOR,2016,AP,53,52,2.33,9,49,57
South Korea,KOR,2017,AP,54,51,2.24,10,50,58
South Korea,KOR,2018,AP,57,45,2.74,10,53,61
South Korea,KOR,2019,AP,59,39,2.44,10,55,63
South Korea,KOR,2020,AP,61,33,1.11,10,59,63
South Korea,KOR,2021,AP,62,32,1.13,10,60,64
South Korea,KOR,2022,AP,63,31,1.03,10,61,65
South Korea,KOR,2023,AP,63,32,1.25,10,61,65
South Korea,KOR,2024,AP,64,30,1.00,9,62,66
South Sudan,SSD,2013,SSA,14,173,1.60,3,11,17
South Sudan,SSD,2014,SSA,15,171,2.35,3,11,19
South Sudan,SSD,2015,SSA,15,163,1.45,3,13,17
South Sudan,SSD,2016,SSA,11,175,3.21,5,5,16
South Sudan,SSD,2017,SSA,12,179,1.56,5,9,15
South Sudan,SSD,2018,SSA,13,178,1.86,5,10,16
South Sudan,SSD,2019,SSA,12,179,1.26,5,10,14
South Sudan,SSD,2020,SSA,12,179,1.11,5,10,14
South Sudan,SSD,2021,SSA,11,180,0.41,5,10,12
South Sudan,SSD,2022,SSA,13,178,1.90,5,10,16
South Sudan,SSD,2023,SSA,13,177,1.33,5,11,15
South Sudan,SSD,2024,SSA,8,180,2.09,5,5,11
Spain,ESP,2012,WE/EU,65,30,2.90,7,60,69
Spain,ESP,2013,WE/EU,59,40,4.90,7,51,67
Spain,ESP,2014,WE/EU,60,38,3.75,7,54,66
Spain,ESP,2015,WE/EU,58,37,4.07,7,51,65
Spain,ESP,2016,WE/EU,58,41,4.09,7,51,65
Spain,ESP,2017,WE/EU,57,42,3.78,8,51,63
Spain,ESP,2018,WE/EU,58,41,4.33,8,51,65
Spain,ESP,2019,WE/EU,62,30,3.17,8,57,67
Spain,ESP,2020,WE/EU,62,32,2.01,8,59,65
Spain,ESP,2021,WE/EU,61,34,2.28,8,57,65
Spain,ESP,2022,WE/EU,60,35,2.41,8,56,64
Spain,ESP,2023,WE/EU,60,36,2.36,8,56,64
Spain,ESP,2024,WE/EU,56,46,2.43,8,52,60
Sri Lanka,LKA,2012,AP,40,79,1.30,7,38,42
Sri Lanka,LKA,2013,AP,37,91,2.10,7,34,40
Sri Lanka,LKA,2014,AP,38,85,2.18,7,34,42
Sri Lanka,LKA,2015,AP,37,83,2.09,7,34,40
Sri Lanka,LKA,2016,AP,36,95,1.64,7,34,39
Sri Lanka,LKA,2017,AP,38,91,1.82,7,35,41
Sri Lanka,LKA,2018,AP,38,89,1.85,7,35,41
Sri Lanka,LKA,2019,AP,38,93,2.11,7,35,41
Sri Lanka,LKA,2020,AP,38,94,1.17,8,36,40
Sri Lanka,LKA,2021,AP,37,102,0.99,7,35,39
Sri Lanka,LKA,2022,AP,36,101,0.80,7,35,37
Sri Lanka,LKA,2023,AP,34,115,0.62,8,33,35
Sri Lanka,LKA,2024,AP,32,121,1.63,8,29,35
Sudan,SDN,2012,SSA,13,173,2.90,6,8,17
Sudan,SDN,2013,SSA,11,174,3.50,6,5,17
Sudan,SDN,2014,SSA,11,173,3.55,6,5,17
Sudan,SDN,2015,SSA,12,165,3.64,6,6,18
Sudan,SDN,2016,SSA,14,170,2.99,7,9,19
Sudan,SDN,2017,SSA,16,175,2.31,7,12,20
Sudan,SDN,2018,SSA,16,172,2.51,7,12,20
Sudan,SDN,2019,SSA,16,173,2.74,7,12,20
Sudan,SDN,2020,SSA,16,174,2.14,7,12,20
Sudan,SDN,2021,SSA,20,164,2.43,8,16,24
Sudan,SDN,2022,SSA,22,162,3.47,8,16,28
Sudan,SDN,2023,SSA,20,162,3.13,8,15,25
Sudan,SDN,2024,SSA,15,170,1.90,8,12,18
Suriname,SUR,2012,AME,37,88,3.20,3,31,42
Suriname,SUR,2013,AME,36,94,3.20,3,31,41
Suriname,SUR,2014,AME,36,100,3.25,3,31,41
Suriname,SUR,2015,AME,36,88,3.21,3,31,41
Suriname,SUR,2016,AME,45,64,7.53,4,32,57
Suriname,SUR,2017,AME,41,77,4.08,4,34,48
Suriname,SUR,2018,AME,43,73,3.22,4,38,48
Suriname,SUR,2019,AME,44,70,4.76,4,36,52
Suriname,SUR,2020,AME,38,94,1.69,4,35,41
Suriname,SUR,2021,AME,39,87,4.29,4,32,46
Suriname,SUR,2022,AME,40,85,5.38,4,31,49
Suriname,SUR,2023,AME,40,87,5.91,4,30,50
Suriname,SUR,2024,AME,40,88,5.66,4,31,49
Sweden,SWE,2012,WE/EU,88,4,1.90,7,85,91
Sweden,SWE,2013,WE/EU,89,3,2.30,7,85,93
Sweden,SWE,2014,WE/EU,87,4,3.41,7,81,93
Sweden,SWE,2015,WE/EU,89,4,1.71,7,86,92
Sweden,SWE,2016,WE/EU,88,4,1.33,7,85,90
Sweden,SWE,2017,WE/EU,84,6,2.27,8,80,88
Sweden,SWE,2018,WE/EU,85,3,2.02,8,82,88
Sweden,SWE,2019,WE/EU,85,4,1.98,8,82,88
Sweden,SWE,2020,WE/EU,85,3,1.30,8,83,87
Sweden,SWE,2021,WE/EU,85,4,1.24,8,83,87
Sweden,SWE,2022,WE/EU,83,5,2.20,8,79,87
Sweden,SWE,2023,WE/EU,82,6,2.28,8,78,86
Sweden,SWE,2024,WE/EU,80,8,2.48,8,76,84
Switzerland,CHE,2012,WE/EU,86,6,2.60,6,81,90
Switzerland,CHE,2013,WE/EU,85,7,2.50,6,81,89
Switzerland,CHE,2014,WE/EU,86,5,2.61,6,82,90
Switzerland,CHE,2015,WE/EU,86,6,2.55,6,82,90
Switzerland,CHE,2016,WE/EU,86,5,1.57,6,83,89
Switzerland,CHE,2017,WE/EU,85,3,1.71,7,82,88
Switzerland,CHE,2018,WE/EU,85,3,1.57,7,82,88
Switzerland,CHE,2019,WE/EU,85,4,1.58,7,82,88
Switzerland,CHE,2020,WE/EU,85,3,1.10,7,83,87
Switzerland,CHE,2021,WE/EU,84,7,1.11,7,82,86
Switzerland,CHE,2022,WE/EU,82,7,1.85,7,79,85
Switzerland,CHE,2023,WE/EU,82,6,1.74,7,79,85
Switzerland,CHE,2024,WE/EU,81,5,1.81,7,78,84
Syria,SYR,2012,MENA,26,144,2.70,5,22,31
Syria,SYR,2013,MENA,17,168,3.80,4,11,23
Syria,SYR,2014,MENA,20,159,5.31,4,11,29
Syria,SYR,2015,MENA,18,154,5.66,4,9,27
Syria,SYR,2016,MENA,13,173,1.97,5,10,16
Syria,SYR,2017,MENA,14,178,1.93,5,11,17
Syria,SYR,2018,MENA,13,178,1.92,5,10,16
Syria,SYR,2019,MENA,13,178,1.92,5,10,16
Syria,SYR,2020,MENA,14,178,1.58,5,11,17
Syria,SYR,2021,MENA,13,178,1.58,5,10,16
Syria,SYR,2022,MENA,13,178,1.57,5,10,16
Syria,SYR,2023,MENA,13,177,1.58,5,10,16
Syria,SYR,2024,MENA,12,177,1.83,5,9,15
Taiwan,TWN,2012,AP,61,37,3.90,7,54,67
Taiwan,TWN,2013,AP,61,36,4.30,7,54,68
Taiwan,TWN,2014,AP,61,36,4.17,7,54,68
Taiwan,TWN,2015,AP,62,31,3.78,7,56,68
Taiwan,TWN,2016,AP,61,31,3.79,8,55,67
Taiwan,TWN,2017,AP,63,29,3.28,8,58,68
Taiwan,TWN,2018,AP,63,31,3.06,8,58,68
Taiwan,TWN,2019,AP,65,28,3.03,8,60,70
Taiwan,TWN,2020,AP,65,28,2.06,8,62,68
Taiwan,TWN,2021,AP,68,25,1.85,8,65,71
Taiwan,TWN,2022,AP,68,25,1.66,8,65,71
Taiwan,TWN,2023,AP,67,28,1.53,8,64,70
Taiwan,TWN,2024,AP,67,25,2.05,7,64,70
Tajikistan,TJK,2012,ECA,22,157,3.80,5,15,28
Tajikistan,TJK,2013,ECA,22,154,3.80,5,16,28
Tajikistan,TJK,2014,ECA,23,152,5.32,5,14,32
Tajikistan,TJK,2015,ECA,26,136,7.36,5,14,38
Tajikistan,TJK,2016,ECA,25,151,5.26,6,16,34
Tajikistan,TJK,2017,ECA,21,161,2.36,5,17,25
Tajikistan,TJK,2018,ECA,25,152,5.73,6,16,34
Tajikistan,TJK,2019,ECA,25,153,6.66,6,14,36
Tajikistan,TJK,2020,ECA,25,149,5.09,6,17,33
Tajikistan,TJK,2021,ECA,25,150,3.97,6,18,32
Tajikistan,TJK,2022,ECA,24,150,3.13,6,19,29
Tajikistan,TJK,2023,ECA,20,162,0.78,5,19,21
Tajikistan,TJK,2024,ECA,19,164,1.76,5,16,22
Tanzania,TZA,2012,SSA,35,102,2.10,8,31,38
Tanzania,TZA,2013,SSA,33,111,2.70,8,29,37
Tanzania,TZA,2014,SSA,31,119,3.20,8,26,36
Tanzania,TZA,2015,SSA,30,117,3.49,8,24,36
Tanzania,TZA,2016,SSA,32,116,1.84,9,29,35
Tanzania,TZA,2017,SSA,36,103,1.55,9,33,39
Tanzania,TZA,2018,SSA,36,99,1.83,9,33,39
Tanzania,TZA,2019,SSA,37,96,1.92,9,34,40
Tanzania,TZA,2020,SSA,38,94,0.80,9,37,39
Tanzania,TZA,2021,SSA,39,87,1.39,9,37,41
Tanzania,TZA,2022,SSA,38,94,0.99,9,36,40
Tanzania,TZA,2023,SSA,40,87,2.20,9,36,44
Tanzania,TZA,2024,SSA,41,82,2.15,9,37,45
Thailand,THA,2012,AP,37,88,1.60,8,34,40
Thailand,THA,2013,AP,35,102,1.20,8,33,37
Thailand,THA,2014,AP,38,85,1.60,8,35,41
Thailand,THA,2015,AP,38,76,2.12,8,35,41
Thailand,THA,2016,AP,35,101,2.44,9,31,39
Thailand,THA,2017,AP,37,96,2.03,9,34,40
Thailand,THA,2018,AP,36,99,2.08,9,33,39
Thailand,THA,2019,AP,36,101,2.45,9,32,40
Thailand,THA,2020,AP,36,104,1.31,9,34,38
Thailand,THA,2021,AP,35,110,0.84,9,34,36
Thailand,THA,2022,AP,36,101,1.09,9,34,38
Thailand,THA,2023,AP,35,108,0.88,9,34,36
Thailand,THA,2024,AP,34,107,0.65,9,33,35
Timor-Leste,TLS,2012,AP,33,113,5.60,3,23,42
Timor-Leste,TLS,2013,AP,30,119,3.20,3,25,35
Timor-Leste,TLS,2014,AP,28,133,5.18,3,20,36
Timor-Leste,TLS,2015,AP,28,123,5.17,3,20,36
Timor-Leste,TLS,2016,AP,35,101,5.97,3,25,44
Timor-Leste,TLS,2017,AP,38,91,7.50,3,26,50
Timor-Leste,TLS,2018,AP,35,105,4.81,3,27,43
Timor-Leste,TLS,2019,AP,38,93,4.50,4,31,45
Timor-Leste,TLS,2020,AP,40,86,2.71,4,36,44
Timor-Leste,TLS,2021,AP,41,82,3.68,4,35,47
Timor-Leste,TLS,2022,AP,42,77,5.03,4,34,50
Timor-Leste,TLS,2023,AP,43,70,5.19,4,34,52
Timor-Leste,TLS,2024,AP,44,73,5.12,4,36,52
Togo,TGO,2012,SSA,30,128,3.40,5,24,35
Togo,TGO,2013,SSA,29,123,3.70,5,23,35
Togo,TGO,2014,SSA,29,126,3.69,5,23,35
Togo,TGO,2015,SSA,32,106,3.04,5,27,37
Togo,TGO,2016,SSA,32,116,4.21,5,25,39
Togo,TGO,2017,SSA,32,117,3.29,6,27,37
Togo,TGO,2018,SSA,30,129,2.35,6,26,34
Togo,TGO,2019,SSA,29,130,2.40,7,25,33
Togo,TGO,2020,SSA,29,134,1.75,7,26,32
Togo,TGO,2021,SSA,30,128,1.60,7,27,33
Togo,TGO,2022,SSA,30,130,1.70,7,27,33
Togo,TGO,2023,SSA,31,126,1.15,7,29,33
Togo,TGO,2024,SSA,32,121,1.38,7,30,34
Trinidad and Tobago,TTO,2012,AME,39,80,4.50,4,32,47
Trinidad and Tobago,TTO,2013,AME,38,83,5.10,4,30,46
Trinidad and Tobago,TTO,2014,AME,38,85,4.82,4,30,46
Trinidad and Tobago,TTO,2015,AME,39,72,4.64,4,31,47
Trinidad and Tobago,TTO,2016,AME,35,101,2.48,5,31,39
Trinidad and Tobago,TTO,2017,AME,41,77,5.47,6,32,50
Trinidad and Tobago,TTO,2018,AME,41,78,5.80,6,31,51
Trinidad and Tobago,TTO,2019,AME,40,85,5.38,7,31,49
Trinidad and Tobago,TTO,2020,AME,40,86,3.73,7,34,46
Trinidad and Tobago,TTO,2021,AME,41,82,3.66,7,35,47
Trinidad and Tobago,TTO,2022,AME,42,77,3.86,7,36,48
Trinidad and Tobago,TTO,2023,AME,42,76,4.87,6,34,50
Trinidad and Tobago,TTO,2024,AME,41,82,4.44,6,34,48
Tunisia,TUN,2012,MENA,41,75,2.80,7,36,45
Tunisia,TUN,2013,MENA,41,77,1.90,7,38,44
Tunisia,TUN,2014,MENA,40,79,1.72,6,37,43
Tunisia,TUN,2015,MENA,38,76,2.17,6,34,42
Tunisia,TUN,2016,MENA,41,75,3.90,7,35,47
Tunisia,TUN,2017,MENA,42,74,3.73,7,36,48
Tunisia,TUN,2018,MENA,43,73,3.86,7,37,49
Tunisia,TUN,2019,MENA,43,74,3.94,7,37,49
Tunisia,TUN,2020,MENA,44,69,2.83,7,39,49
Tunisia,TUN,2021,MENA,44,70,1.90,7,41,47
Tunisia,TUN,2022,MENA,40,85,1.12,7,38,42
Tunisia,TUN,2023,MENA,40,87,1.70,7,37,43
Tunisia,TUN,2024,MENA,39,92,1.24,8,37,41
Turkey,TUR,2012,ECA,49,54,2.10,9,45,52
Turkey,TUR,2013,ECA,50,53,2.40,9,46,54
Turkey,TUR,2014,ECA,45,64,2.69,8,41,49
Turkey,TUR,2015,ECA,42,66,2.02,8,39,45
Turkey,TUR,2016,ECA,41,75,1.80,9,38,44
Turkey,TUR,2017,ECA,40,81,1.80,8,37,43
Turkey,TUR,2018,ECA,41,78,3.03,9,36,46
Turkey,TUR,2019,ECA,39,91,3.34,9,34,44
Turkey,TUR,2020,ECA,40,86,2.06,9,37,43
Turkey,TUR,2021,ECA,38,96,2.10,9,35,41
Turkey,TUR,2022,ECA,36,101,1.51,9,34,38
Turkey,TUR,2023,ECA,34,115,1.57,9,31,37
Turkey,TUR,2024,ECA,34,107,1.74,8,31,37
Turkmenistan,TKM,2012,ECA,17,170,2.90,3,12,22
Turkmenistan,TKM,2013,ECA,17,168,2.90,3,12,22
Turkmenistan,TKM,2014,ECA,17,169,2.85,3,12,22
Turkmenistan,TKM,2015,ECA,18,154,2.38,4,14,22
Turkmenistan,TKM,2016,ECA,22,154,1.32,4,20,24
Turkmenistan,TKM,2017,ECA,19,167,1.78,5,16,22
Turkmenistan,TKM,2018,ECA,20,161,1.22,5,18,22
Turkmenistan,TKM,2019,ECA,19,165,1.42,5,17,21
Turkmenistan,TKM,2020,ECA,19,165,0.91,5,18,20
Turkmenistan,TKM,2021,ECA,19,169,1.07,5,17,21
Turkmenistan,TKM,2022,ECA,19,167,1.07,5,17,21
Turkmenistan,TKM,2023,ECA,18,170,1.45,5,16,20
Turkmenistan,TKM,2024,ECA,17,165,0.89,5,16,18
Uganda,UGA,2012,SSA,29,130,2.20,8,25,32
Uganda,UGA,2013,SSA,26,140,3.30,8,21,31
Uganda,UGA,2014,SSA,26,142,3.03,8,21,31
Uganda,UGA,2015,SSA,25,139,3.19,8,20,30
Uganda,UGA,2016,SSA,25,151,2.24,9,22,29
Uganda,UGA,2017,SSA,26,151,2.11,9,23,29
Uganda,UGA,2018,SSA,26,149,2.13,9,23,29
Uganda,UGA,2019,SSA,28,137,2.04,9,25,31
Uganda,UGA,2020,SSA,27,142,1.15,9,25,29
Uganda,UGA,2021,SSA,27,144,1.22,9,25,29
Uganda,UGA,2022,SSA,26,142,1.49,8,24,28
Uganda,UGA,2023,SSA,26,141,1.30,8,24,28
Uganda,UGA,2024,SSA,26,140,1.19,8,24,28
Ukraine,UKR,2012,ECA,26,144,1.80,8,24,29
Ukraine,UKR,2013,ECA,25,144,1.70,8,22,28
Ukraine,UKR,2014,ECA,26,142,1.64,8,23,29
Ukraine,UKR,2015,ECA,27,130,1.93,8,24,30
Ukraine,UKR,2016,ECA,29,131,1.97,9,25,32
Ukraine,UKR,2017,ECA,30,130,2.27,9,26,34
Ukraine,UKR,2018,ECA,32,120,2.27,9,28,36
Ukraine,UKR,2019,ECA,30,126,2.38,9,26,34
Ukraine,UKR,2020,ECA,33,117,1.31,9,31,35
Ukraine,UKR,2021,ECA,32,122,1.29,9,30,34
Ukraine,UKR,2022,ECA,33,116,1.44,8,31,35
Ukraine,UKR,2023,ECA,36,104,1.93,8,33,39
Ukraine,UKR,2024,ECA,35,105,2.09,8,32,38
United Arab Emirates,ARE,2012,MENA,68,27,4.30,7,61,75
United Arab Emirates,ARE,2013,MENA,69,26,4.70,7,61,77
United Arab Emirates,ARE,2014,MENA,70,26,5.14,7,62,78
United Arab Emirates,ARE,2015,MENA,70,23,5.07,7,62,78
United Arab Emirates,ARE,2016,MENA,66,24,5.70,7,56,75
United Arab Emirates,ARE,2017,MENA,71,21,6.26,7,61,81
United Arab Emirates,ARE,2018,MENA,70,23,4.56,8,63,77
United Arab Emirates,ARE,2019,MENA,71,21,5.13,8,63,79
United Arab Emirates,ARE,2020,MENA,71,21,3.23,8,66,76
United Arab Emirates,ARE,2021,MENA,69,24,2.90,8,64,74
United Arab Emirates,ARE,2022,MENA,67,27,3.10,7,62,72
United Arab Emirates,ARE,2023,MENA,68,26,2.57,7,64,72
United Arab Emirates,ARE,2024,MENA,68,23,2.16,8,64,72
United Kingdom,GBR,2012,WE/EU,74,17,1.30,8,72,77
United Kingdom,GBR,2013,WE/EU,76,14,1.30,8,74,78
United Kingdom,GBR,2014,WE/EU,78,14,2.09,7,75,81
United Kingdom,GBR,2015,WE/EU,81,11,2.40,7,77,85
United Kingdom,GBR,2016,WE/EU,81,10,2.12,7,77,84
United Kingdom,GBR,2017,WE/EU,82,8,1.70,8,79,85
United Kingdom,GBR,2018,WE/EU,80,11,2.03,8,77,83
United Kingdom,GBR,2019,WE/EU,77,12,3.34,8,72,82
United Kingdom,GBR,2020,WE/EU,77,11,2.20,8,73,81
United Kingdom,GBR,2021,WE/EU,78,11,1.43,8,76,80
United Kingdom,GBR,2022,WE/EU,73,18,1.85,8,70,76
United Kingdom,GBR,2023,WE/EU,71,20,1.68,8,68,74
United Kingdom,GBR,2024,WE/EU,71,20,2.05,8,68,74
United States of America,USA,2012,AME,73,19,4.10,9,66,79
United States of America,USA,2013,AME,73,19,4.00,9,66,80
United States of America,USA,2014,AME,74,17,3.74,8,68,80
United States of America,USA,2015,AME,76,16,3.47,8,70,82
United States of America,USA,2016,AME,74,18,3.15,9,69,80
United States of America,USA,2017,AME,75,16,3.24,9,70,80
United States of America,USA,2018,AME,71,22,3.25,9,66,76
United States of America,USA,2019,AME,69,23,4.12,9,62,76
United States of America,USA,2020,AME,67,25,2.49,9,63,71
United States of America,USA,2021,AME,67,27,2.21,9,63,71
United States of America,USA,2022,AME,69,24,2.11,9,66,72
United States of America,USA,2023,AME,69,24,2.14,9,65,73
United States of America,USA,2024,AME,65,28,2.18,9,61,69
Uruguay,URY,2012,AME,72,20,1.50,6,70,75
Uruguay,URY,2013,AME,73,19,1.40,6,71,75
Uruguay,URY,2014,AME,73,21,1.41,6,71,75
Uruguay,URY,2015,AME,74,21,1.68,6,71,77
Uruguay,URY,2016,AME,71,21,2.68,6,66,75
Uruguay,URY,2017,AME,70,23,2.67,7,66,74
Uruguay,URY,2018,AME,70,23,2.73,7,66,74
Uruguay,URY,2019,AME,71,21,2.47,7,67,75
Uruguay,URY,2020,AME,71,21,1.72,7,68,74
Uruguay,URY,2021,AME,73,18,0.68,7,72,74
Uruguay,URY,2022,AME,74,14,0.66,7,73,75
Uruguay,URY,2023,AME,73,16,0.67,7,72,74
Uruguay,URY,2024,AME,76,13,1.46,7,74,78
Uzbekistan,UZB,2012,ECA,17,170,2.00,6,14,20
Uzbekistan,UZB,2013,ECA,17,168,2.00,6,14,20
Uzbekistan,UZB,2014,ECA,18,166,2.54,6,14,22
Uzbekistan,UZB,2015,ECA,19,153,2.71,6,15,23
Uzbekistan,UZB,2016,ECA,21,156,2.35,7,17,25
Uzbekistan,UZB,2017,ECA,22,157,2.11,7,19,25
Uzbekistan,UZB,2018,ECA,23,158,1.93,7,20,26
Uzbekistan,UZB,2019,ECA,25,153,2.01,7,22,28
Uzbekistan,UZB,2020,ECA,26,146,1.52,7,24,28
Uzbekistan,UZB,2021,ECA,28,140,1.51,7,26,30
Uzbekistan,UZB,2022,ECA,31,126,1.71,8,28,34
Uzbekistan,UZB,2023,ECA,33,121,2.12,9,30,36
Uzbekistan,UZB,2024,ECA,32,121,2.41,9,28,36
Vanuatu,VUT,2017,AP,43,71,3.93,3,37,49
Vanuatu,VUT,2018,AP,46,64,5.97,3,36,56
Vanuatu,VUT,2019,AP,46,64,6.38,3,36,56
Vanuatu,VUT,2020,AP,43,75,3.59,3,37,49
Vanuatu,VUT,2021,AP,45,66,4.58,3,37,53
Vanuatu,VUT,2022,AP,48,60,2.72,3,44,52
Vanuatu,VUT,2023,AP,48,61,3.14,3,43,53
Vanuatu,VUT,2024,AP,50,57,1.82,3,47,53
Venezuela,VEN,2012,AME,19,165,2.10,7,15,22
Venezuela,VEN,2013,AME,20,160,2.30,7,16,24
Venezuela,VEN,2014,AME,19,161,1.69,7,16,22
Venezuela,VEN,2015,AME,17,158,2.64,7,13,21
Venezuela,VEN,2016,AME,17,166,1.41,7,15,20
Venezuela,VEN,2017,AME,18,169,1.60,8,15,21
Venezuela,VEN,2018,AME,18,168,2.13,8,15,21
Venezuela,VEN,2019,AME,16,173,2.05,8,13,19
Venezuela,VEN,2020,AME,15,176,0.91,8,14,16
Venezuela,VEN,2021,AME,14,177,0.99,8,12,16
Venezuela,VEN,2022,AME,14,177,1.30,8,12,16
Venezuela,VEN,2023,AME,13,177,1.23,8,11,15
Venezuela,VEN,2024,AME,10,178,1.27,8,8,12
Vietnam,VNM,2012,AP,31,123,2.50,8,27,35
Vietnam,VNM,2013,AP,31,116,2.60,8,27,35
Vietnam,VNM,2014,AP,31,119,2.55,8,27,35
Vietnam,VNM,2015,AP,31,111,2.56,8,27,35
Vietnam,VNM,2016,AP,33,113,2.46,8,29,38
Vietnam,VNM,2017,AP,35,107,2.78,8,30,40
Vietnam,VNM,2018,AP,33,117,2.84,8,28,38
Vietnam,VNM,2019,AP,37,96,2.84,8,32,42
Vietnam,VNM,2020,AP,36,104,1.81,8,33,39
Vietnam,VNM,2021,AP,39,87,0.82,8,38,40
Vietnam,VNM,2022,AP,42,77,1.50,8,40,44
Vietnam,VNM,2023,AP,41,83,1.40,8,39,43
Vietnam,VNM,2024,AP,40,88,1.58,8,37,43
Yemen,YEM,2012,MENA,23,156,2.20,6,20,27
Yemen,YEM,2013,MENA,18,167,2.60,6,14,22
Yemen,YEM,2014,MENA,19,161,2.37,6,15,23
Yemen,YEM,2015,MENA,18,154,2.66,6,14,22
Yemen,YEM,2016,MENA,14,170,3.05,7,9,19
Yemen,YEM,2017,MENA,16,175,1.85,7,13,19
Yemen,YEM,2018,MENA,14,176,1.45,7,12,16
Yemen,YEM,2019,MENA,15,177,1.89,7,12,18
Yemen,YEM,2020,MENA,15,176,1.33,7,13,17
Yemen,YEM,2021,MENA,16,174,2.29,7,12,20
Yemen,YEM,2022,MENA,16,176,1.98,7,13,19
Yemen,YEM,2023,MENA,16,176,1.75,7,13,19
Yemen,YEM,2024,MENA,13,173,1.72,7,10,16
Zambia,ZMB,2012,SSA,37,88,3.10,8,32,42
Zambia,ZMB,2013,SSA,38,83,2.10,8,35,41
Zambia,ZMB,2014,SSA,38,85,2.27,8,34,42
Zambia,ZMB,2015,SSA,38,76,2.55,8,34,42
Zambia,ZMB,2016,SSA,38,87,2.91,9,34,43
Zambia,ZMB,2017,SSA,37,96,2.46,9,33,41
Zambia,ZMB,2018,SSA,35,105,1.93,9,32,38
Zambia,ZMB,2019,SSA,34,113,1.97,9,31,37
Zambia,ZMB,2020,SSA,33,117,0.96,9,31,35
Zambia,ZMB,2021,SSA,33,117,1.63,9,30,36
Zambia,ZMB,2022,SSA,33,116,1.50,9,31,35
Zambia,ZMB,2023,SSA,37,98,2.06,8,34,40
Zambia,ZMB,2024,SSA,39,92,1.76,9,36,42
Zimbabwe,ZWE,2012,SSA,20,163,4.30,8,12,27
Zimbabwe,ZWE,2013,SSA,21,157,4.30,8,14,28
Zimbabwe,ZWE,2014,SSA,21,156,4.18,8,14,28
Zimbabwe,ZWE,2015,SSA,21,150,4.54,8,14,28
Zimbabwe,ZWE,2016,SSA,22,154,2.59,9,18,26
Zimbabwe,ZWE,2017,SSA,22,157,2.22,9,18,26
Zimbabwe,ZWE,2018,SSA,22,160,2.29,9,18,26
Zimbabwe,ZWE,2019,SSA,24,158,2.31,9,20,28
Zimbabwe,ZWE,2020,SSA,24,157,1.35,9,22,26
Zimbabwe,ZWE,2021,SSA,23,157,1.52,8,21,25
Zimbabwe,ZWE,2022,SSA,23,157,1.53,8,20,26
Zimbabwe,ZWE,2023,SSA,24,149,1.30,9,22,26
Zimbabwe,ZWE,2024,SSA,21,158,0.91,9,20,22
